356,HC-0004-CO01,,NODO,2,192.168.0.1,,,NODO,1
8,HC-0002 dir HC-0166,,NODO,2,192.168.0.1,,,NODO,1
259,HC-0004-CO01,,NODO,2,192.168.0.1,,,NODO,1
363,HC-0004-CS01,,NODO,2,192.168.0.1,,,NODO,1
353,AY-0010,,NODO,2,192.168.0.1,,,NODO,1
20,AY-0011,,NODO,2,192.168.0.1,,,NODO,1
242,AY-0012,,NODO,2,192.168.0.1,,,NODO,1
280,AY-0013,,NODO,2,192.168.0.1,,,NODO,1
325,AY-0015,,NODO,2,192.168.0.1,,,NODO,1
326,AY-0020,,NODO,2,192.168.0.1,,,NODO,1
238,AY-0023,,NODO,2,192.168.0.1,,,NODO,1
321,AY-0024,,NODO,2,192.168.0.1,,,NODO,1
304,AY-0032,,NODO,2,192.168.0.1,,,NODO,1
240,AY-0035,,NODO,2,192.168.0.1,,,NODO,1
329,AY-0037,,NODO,2,192.168.0.1,,,NODO,1
168,AY-0038,,NODO,2,192.168.0.1,,,NODO,1
121,AY-0044,,NODO,2,192.168.0.1,,,NODO,1
24,AY-0049,,NODO,2,192.168.0.1,,,NODO,1
180,AY-0063,,NODO,2,192.168.0.1,,,NODO,1
243,AY-0068,,NODO,2,192.168.0.1,,,NODO,1
196,AY-0073,,NODO,2,192.168.0.1,,,NODO,1
306,AY-0074,,NODO,2,192.168.0.1,,,NODO,1
244,AY-0076,,NODO,2,192.168.0.1,,,NODO,1
275,AY-0081,,NODO,2,192.168.0.1,,,NODO,1
199,AY-0082,,NODO,2,192.168.0.1,,,NODO,1
292,AY-0091,,NODO,2,192.168.0.1,,,NODO,1
357,AY-0095,,NODO,2,192.168.0.1,,,NODO,1
293,AY-0101,,NODO,2,192.168.0.1,,,NODO,1
307,AY-0109,,NODO,2,192.168.0.1,,,NODO,1
331,AY-0111,,NODO,2,192.168.0.1,,,NODO,1
305,AY-0112,,NODO,2,192.168.0.1,,,NODO,1
27,AY-0113,,NODO,2,192.168.0.1,,,NODO,1
179,AY-0114,,NODO,2,192.168.0.1,,,NODO,1
335,AY-0120,,NODO,2,192.168.0.1,,,NODO,1
97,AY-0121,,NODO,2,192.168.0.1,,,NODO,1
285,AY-0135,,NODO,2,192.168.0.1,,,NODO,1
332,AY-0140,,NODO,2,192.168.0.1,,,NODO,1
294,AY-0143,,NODO,2,192.168.0.1,,,NODO,1
247,AY-0144,,NODO,2,192.168.0.1,,,NODO,1
87,AY-0146,,NODO,2,192.168.0.1,,,NODO,1
246,AY-0151,,NODO,2,192.168.0.1,,,NODO,1
141,AY-0152,,NODO,2,192.168.0.1,,,NODO,1
253,AY-0155,,NODO,2,192.168.0.1,,,NODO,1
150,AY-0156,,NODO,2,192.168.0.1,,,NODO,1
145,AY-0157,,NODO,2,192.168.0.1,,,NODO,1
296,AY-0162,,NODO,2,192.168.0.1,,,NODO,1
334,AY-0164,,NODO,2,192.168.0.1,,,NODO,1
360,AY-0168,,NODO,2,192.168.0.1,,,NODO,1
250,AY-0175,,NODO,2,192.168.0.1,,,NODO,1
308,AY-0176,,NODO,2,192.168.0.1,,,NODO,1
255,AY-0188,,NODO,2,192.168.0.1,,,NODO,1
167,AY-0191,,NODO,2,192.168.0.1,,,NODO,1
297,AY-0192,,NODO,2,192.168.0.1,,,NODO,1
281,AY-0193,,NODO,2,192.168.0.1,,,NODO,1
39,AY-0194,,NODO,2,192.168.0.1,,,NODO,1
310,AY-0196,,NODO,2,192.168.0.1,,,NODO,1
223,AY-0199,,NODO,2,192.168.0.1,,,NODO,1
202,AY-0206,,NODO,2,192.168.0.1,,,NODO,1
362,AY-0208,,NODO,2,192.168.0.1,,,NODO,1
298,AY-0209,,NODO,2,192.168.0.1,,,NODO,1
113,AY-0210,,NODO,2,192.168.0.1,,,NODO,1
111,AY-0219,,NODO,2,192.168.0.1,,,NODO,1
282,AY-0227,,NODO,2,192.168.0.1,,,NODO,1
33,AY-0232,,NODO,2,192.168.0.1,,,NODO,1
301,AY-0239,,NODO,2,192.168.0.1,,,NODO,1
42,AY-0243,,NODO,2,192.168.0.1,,,NODO,1
256,AY-0247,,NODO,2,192.168.0.1,,,NODO,1
123,AY-0254,,NODO,2,192.168.0.1,,,NODO,1
106,AY-0268,,NODO,2,192.168.0.1,,,NODO,1
191,AY-0269,,NODO,2,192.168.0.1,,,NODO,1
288,AY-0272,,NODO,2,192.168.0.1,,,NODO,1
299,AY-0273,,NODO,2,192.168.0.1,,,NODO,1
258,AY-0274,,NODO,2,192.168.0.1,,,NODO,1
154,AY-0278,,NODO,2,192.168.0.1,,,NODO,1
300,AY-0279,,NODO,2,192.168.0.1,,,NODO,1
260,AY-0280,,NODO,2,192.168.0.1,,,NODO,1
51,AY-0281,,NODO,2,192.168.0.1,,,NODO,1
52,AY-0288,,NODO,2,192.168.0.1,,,NODO,1
261,AY-0294,,NODO,2,192.168.0.1,,,NODO,1
338,AY-0295,,NODO,2,192.168.0.1,,,NODO,1
312,AY-0297,,NODO,2,192.168.0.1,,,NODO,1
266,AY-0298,,NODO,2,192.168.0.1,,,NODO,1
314,AY-0300,,NODO,2,192.168.0.1,,,NODO,1
269,AY-0302,,NODO,2,192.168.0.1,,,NODO,1
267,AY-0303,,NODO,2,192.168.0.1,,,NODO,1
268,AY-0304,,NODO,2,192.168.0.1,,,NODO,1
340,AY-0305,,NODO,2,192.168.0.1,,,NODO,1
204,AY-0307,,NODO,2,192.168.0.1,,,NODO,1
125,AY-0312,,NODO,2,192.168.0.1,,,NODO,1
316,AY-0313,,NODO,2,192.168.0.1,,,NODO,1
57,AY-0325,,NODO,2,192.168.0.1,,,NODO,1
159,AY-0328,,NODO,2,192.168.0.1,,,NODO,1
67,AY-0330,,NODO,2,192.168.0.1,,,NODO,1
213,AY-0331,,NODO,2,192.168.0.1,,,NODO,1
249,AY-0332,,NODO,2,192.168.0.1,,,NODO,1
47,AY-0335,,NODO,2,192.168.0.1,,,NODO,1
319,AY-0338,,NODO,2,192.168.0.1,,,NODO,1
114,AY-0339,,NODO,2,192.168.0.1,,,NODO,1
289,AY-0347,,NODO,2,192.168.0.1,,,NODO,1
343,AY-0354,,NODO,2,192.168.0.1,,,NODO,1
74,AY-0355,,NODO,2,192.168.0.1,,,NODO,1
138,AY-0356,,NODO,2,192.168.0.1,,,NODO,1
366,AY-0357,,NODO,2,192.168.0.1,,,NODO,1
356,AYA-CARHUANC-DI-SASXP-01,AY-0004,NW-ROUTER,1,10.20.1.226,NOKIA,Networking,ELEMENTO,2
8,AYA-ACOCRO-DI-SASXP-01,AY-0005,NW-ROUTER,1,10.20.1.42,NOKIA,Networking,ELEMENTO,2
259,AYA-SANCRIST-DI-SASXP-01,AY-0007,NW-ROUTER,1,10.20.1.112,NOKIA,Networking,ELEMENTO,2
363,AYA-SAURAMA-DI-SASXP-01,AY-0008,NW-ROUTER,1,10.20.1.228,NOKIA,Networking,ELEMENTO,2
353,AYA-ACCOMARC-DI-SASXP-01,AY-0010,NW-ROUTER,1,10.20.1.230,NOKIA,Networking,ELEMENTO,2
20,AYA-ACOSVINC-DI-SASXP-01,AY-0011,NW-ROUTER,1,10.20.1.44,NOKIA,Networking,ELEMENTO,2
242,AYA-ANDAMARC-DI-SASXP-01,AY-0012,NW-ROUTER,1,10.20.1.114,NOKIA,Networking,ELEMENTO,2
280,AYA-ANISO-DI-SASXP-01,AY-0013,NW-ROUTER,1,10.20.1.152,NOKIA,Networking,ELEMENTO,2
325,AYA-APONGO-DI-SASXP-01,AY-0015,NW-ROUTER,1,10.20.1.204,NOKIA,Networking,ELEMENTO,2
326,AYA-ASQUIPAT-DI-SASXP-01,AY-0020,NW-ROUTER,1,10.20.1.206,NOKIA,Networking,ELEMENTO,2
238,AYA-AUCARA-DI-SASXP-01,AY-0023,NW-ROUTER,1,10.20.1.116,NOKIA,Networking,ELEMENTO,2
321,AYA-ALCAMENC-DI-SASXP-01,AY-0024,NW-ROUTER,1,10.20.1.208,NOKIA,Networking,ELEMENTO,2
304,AYA-BELEN-DI-SASXP-01,AY-0032,NW-ROUTER,1,10.20.1.184,NOKIA,Networking,ELEMENTO,2
240,AYA-CABANA-DI-SASXP-01,AY-0035,NW-ROUTER,1,10.20.1.118,NOKIA,Networking,ELEMENTO,2
329,AYA-CANARIA-DI-SASXP-01,AY-0037,NW-ROUTER,1,10.20.1.210,NOKIA,Networking,ELEMENTO,2
168,AYA-CANAYRE-DI-SASXP-01,AY-0038,NW-ROUTER,1,10.20.1.78,NOKIA,Networking,ELEMENTO,2
121,AYA-CARAPO-DI-SASXP-01,AY-0044,NW-ROUTER,1,10.20.1.72,NOKIA,Networking,ELEMENTO,2
24,AYA-CARMENAL-DI-SASXP-01,AY-0049,NW-ROUTER,1,10.20.1.46,NOKIA,Networking,ELEMENTO,2
180,AYA-ANCHIHUA-DI-SASXP-01,AY-0063,NW-ROUTER,1,10.20.1.94,NOKIA,Networking,ELEMENTO,2
243,AYA-CHAVINA-DI-SASXP-01,AY-0068,NW-ROUTER,1,10.20.1.120,NOKIA,Networking,ELEMENTO,2
196,AYA-CHILCAS-DI-SASXP-01,AY-0073,NW-ROUTER,1,10.20.1.96,NOKIA,Networking,ELEMENTO,2
306,AYA-CHILCAYO-DI-SASXP-01,AY-0074,NW-ROUTER,1,10.20.1.186,NOKIA,Networking,ELEMENTO,2
244,AYA-CHIPAO-DI-SASXP-01,AY-0076,NW-ROUTER,1,10.20.1.122,NOKIA,Networking,ELEMENTO,2
275,AYA-CHUMPI-DI-SASXP-01,AY-0081,NW-ROUTER,1,10.20.1.154,NOKIA,Networking,ELEMENTO,2
199,AYA-CHUNGUI-DI-SASXP-01,AY-0082,NW-ROUTER,1,10.20.1.98,NOKIA,Networking,ELEMENTO,2
292,AYA-COLTA-DI-SASXP-01,AY-0091,NW-ROUTER,1,10.20.1.166,NOKIA,Networking,ELEMENTO,2
357,AYA-CONCEPCI-DI-SASXP-01,AY-0095,NW-ROUTER,1,10.20.1.232,NOKIA,Networking,ELEMENTO,2
293,AYA-CORCULLA-DI-SASXP-01,AY-0101,NW-ROUTER,1,10.20.1.168,NOKIA,Networking,ELEMENTO,2
307,AYA-HUACANA-DI-SASXP-01,AY-0109,NW-ROUTER,1,10.20.1.188,NOKIA,Networking,ELEMENTO,2
331,AYA-CAYARA-DI-SASXP-01,AY-0111,NW-ROUTER,1,10.20.1.212,NOKIA,Networking,ELEMENTO,2
305,AYA-CHALCOS-DI-SASXP-01,AY-0112,NW-ROUTER,1,10.20.1.190,NOKIA,Networking,ELEMENTO,2
27,AYA-CHIARA-DI-SASXP-01,AY-0113,NW-ROUTER,1,10.20.1.48,NOKIA,Networking,ELEMENTO,2
179,AYA-CHIQUINT-DI-SASXP-01,AY-0114,NW-ROUTER,1,10.20.1.100,NOKIA,Networking,ELEMENTO,2
335,AYA-HUANCARA-DI-SASXP-01,AY-0120,NW-ROUTER,1,10.20.1.214,NOKIA,Networking,ELEMENTO,2
97,AYA-CHUSCHI-DI-SASXP-01,AY-0121,NW-ROUTER,1,10.20.1.32,NOKIA,Networking,ELEMENTO,2
285,AYA-INCUYO-DI-SASXP-01,AY-0135,NW-ROUTER,1,10.20.1.156,NOKIA,Networking,ELEMENTO,2
332,AYA-COLCA-DI-SASXP-01,AY-0140,NW-ROUTER,1,10.20.1.216,NOKIA,Networking,ELEMENTO,2
294,AYA-LAMPA-DI-SASXP-01,AY-0143,NW-ROUTER,1,10.20.1.170,NOKIA,Networking,ELEMENTO,2
247,AYA-LARAMATE-DI-SASXP-01,AY-0144,NW-ROUTER,1,10.20.1.124,NOKIA,Networking,ELEMENTO,2
87,AYA-LASNAZAR-DI-SASXP-01,AY-0146,NW-ROUTER,1,10.20.1.50,NOKIA,Networking,ELEMENTO,2
246,AYA-HUAC-HUA-DI-SASXP-01,AY-0151,NW-ROUTER,1,10.20.1.126,NOKIA,Networking,ELEMENTO,2
141,AYA-HUAMANGU-DI-SASXP-01,AY-0152,NW-ROUTER,1,10.20.1.80,NOKIA,Networking,ELEMENTO,2
253,AYA-LUCANAS-DI-SASXP-01,AY-0155,NW-ROUTER,1,10.20.1.128,NOKIA,Networking,ELEMENTO,2
150,AYA-LURICOCH-DI-SASXP-01,AY-0156,NW-ROUTER,1,10.20.1.82,NOKIA,Networking,ELEMENTO,2
145,AYA-MACACHAC-DI-SASXP-01,AY-0157,NW-ROUTER,1,10.20.1.84,NOKIA,Networking,ELEMENTO,2
296,AYA-MARCABAM-DI-SASXP-01,AY-0162,NW-ROUTER,1,10.20.1.172,NOKIA,Networking,ELEMENTO,2
334,AYA-HUAMANQU-DI-SASXP-01,AY-0164,NW-ROUTER,1,10.20.1.218,NOKIA,Networking,ELEMENTO,2
360,AYA-HUAMBALP-DI-SASXP-01,AY-0168,NW-ROUTER,1,10.20.1.234,NOKIA,Networking,ELEMENTO,2
250,AYA-LLAUTA-DI-SASXP-01,AY-0175,NW-ROUTER,1,10.20.1.130,NOKIA,Networking,ELEMENTO,2
308,AYA-MORCOLLA-DI-SASXP-01,AY-0176,NW-ROUTER,1,10.20.1.192,NOKIA,Networking,ELEMENTO,2
255,AYA-OCANA-DI-SASXP-01,AY-0188,NW-ROUTER,1,10.20.1.132,NOKIA,Networking,ELEMENTO,2
167,AYA-LLOCHEGU-DI-SASXP-01,AY-0191,NW-ROUTER,1,10.20.1.86,NOKIA,Networking,ELEMENTO,2
297,AYA-OYOLO-DI-SASXP-01,AY-0192,NW-ROUTER,1,10.20.1.174,NOKIA,Networking,ELEMENTO,2
281,AYA-PACAPAUS-DI-SASXP-01,AY-0193,NW-ROUTER,1,10.20.1.158,NOKIA,Networking,ELEMENTO,2
39,AYA-PACAYCAS-DI-SASXP-01,AY-0194,NW-ROUTER,1,10.20.1.52,NOKIA,Networking,ELEMENTO,2
310,AYA-PAICO-DI-SASXP-01,AY-0196,NW-ROUTER,1,10.20.1.194,NOKIA,Networking,ELEMENTO,2
223,AYA-PALMAPAM-DI-SASXP-01,AY-0199,NW-ROUTER,1,10.20.1.102,NOKIA,Networking,ELEMENTO,2
202,AYA-PAMPAS-DI-SASXP-01,AY-0206,NW-ROUTER,1,10.20.1.104,NOKIA,Networking,ELEMENTO,2
362,AYA-PHUALLHU-DI-SASXP-01,AY-0208,NW-ROUTER,1,10.20.1.236,NOKIA,Networking,ELEMENTO,2
298,AYA-PARARCA-DI-SASXP-01,AY-0209,NW-ROUTER,1,10.20.1.176,NOKIA,Networking,ELEMENTO,2
113,AYA-PARAS-DI-SASXP-01,AY-0210,NW-ROUTER,1,10.20.1.34,NOKIA,Networking,ELEMENTO,2
111,AYA-POMABAMB-DI-SASXP-01,AY-0219,NW-ROUTER,1,10.20.1.36,NOKIA,Networking,ELEMENTO,2
282,AYA-PULLO-DI-SASXP-01,AY-0227,NW-ROUTER,1,10.20.1.160,NOKIA,Networking,ELEMENTO,2
33,AYA-OCROS-DI-SASXP-01,AY-0232,NW-ROUTER,1,10.20.1.54,NOKIA,Networking,ELEMENTO,2
301,AYA-QUILCATA-DI-SASXP-01,AY-0239,NW-ROUTER,1,10.20.1.178,NOKIA,Networking,ELEMENTO,2
42,AYA-QUINUA-DI-SASXP-01,AY-0243,NW-ROUTER,1,10.20.1.56,NOKIA,Networking,ELEMENTO,2
256,AYA-OTOCA-DI-SASXP-01,AY-0247,NW-ROUTER,1,10.20.1.134,NOKIA,Networking,ELEMENTO,2
123,AYA-SACSAMAR-DI-SASXP-01,AY-0254,NW-ROUTER,1,10.20.1.74,NOKIA,Networking,ELEMENTO,2
106,AYA-PMPACANG-DI-SASXP-01,AY-0268,NW-ROUTER,1,10.20.1.38,NOKIA,Networking,ELEMENTO,2
191,AYA-SANFRANC-DI-SASXP-01,AY-0269,NW-ROUTER,1,10.20.1.106,NOKIA,Networking,ELEMENTO,2
288,AYA-RAVACAYC-DI-SASXP-01,AY-0272,NW-ROUTER,1,10.20.1.162,NOKIA,Networking,ELEMENTO,2
299,AYA-ALPABAMB-DI-SASXP-01,AY-0273,NW-ROUTER,1,10.20.1.180,NOKIA,Networking,ELEMENTO,2
258,AYA-SAISA-DI-SASXP-01,AY-0274,NW-ROUTER,1,10.20.1.136,NOKIA,Networking,ELEMENTO,2
154,AYA-SECCE-DI-SASXP-01,AY-0278,NW-ROUTER,1,10.20.1.88,NOKIA,Networking,ELEMENTO,2
300,AYA-USHUA-DI-SASXP-01,AY-0279,NW-ROUTER,1,10.20.1.182,NOKIA,Networking,ELEMENTO,2
260,AYA-SANJUAN-DI-SASXP-01,AY-0280,NW-ROUTER,1,10.20.1.138,NOKIA,Networking,ELEMENTO,2
51,AYA-BAUTISTA-DI-SASXP-01,AY-0281,NW-ROUTER,1,10.20.1.58,NOKIA,Networking,ELEMENTO,2
52,AYA-CACHI-DI-SASXP-01,AY-0288,NW-ROUTER,1,10.20.1.60,NOKIA,Networking,ELEMENTO,2
261,AYA-SANPEDRO-DI-SASXP-01,AY-0294,NW-ROUTER,1,10.20.1.140,NOKIA,Networking,ELEMENTO,2
338,AYA-HUAYA-DI-SASXP-01,AY-0295,NW-ROUTER,1,10.20.1.220,NOKIA,Networking,ELEMENTO,2
312,AYA-LARCAY-DI-SASXP-01,AY-0297,NW-ROUTER,1,10.20.1.196,NOKIA,Networking,ELEMENTO,2
266,AYA-PALCO-DI-SASXP-01,AY-0298,NW-ROUTER,1,10.20.1.142,NOKIA,Networking,ELEMENTO,2
314,AYA-QUIJE-DI-SASXP-01,AY-0300,NW-ROUTER,1,10.20.1.198,NOKIA,Networking,ELEMENTO,2
269,AYA-SANTALUC-DI-SASXP-01,AY-0302,NW-ROUTER,1,10.20.1.144,NOKIA,Networking,ELEMENTO,2
267,AYA-SANCOS-DI-SASXP-01,AY-0303,NW-ROUTER,1,10.20.1.146,NOKIA,Networking,ELEMENTO,2
268,AYA-HUAYCAHU-DI-SASXP-01,AY-0304,NW-ROUTER,1,10.20.1.148,NOKIA,Networking,ELEMENTO,2
340,AYA-SARHUA-DI-SASXP-01,AY-0305,NW-ROUTER,1,10.20.1.222,NOKIA,Networking,ELEMENTO,2
204,AYA-SANTAROS-DI-SASXP-01,AY-0307,NW-ROUTER,1,10.20.1.108,NOKIA,Networking,ELEMENTO,2
125,AYA-LUCANAMA-DI-SASXP-01,AY-0312,NW-ROUTER,1,10.20.1.76,NOKIA,Networking,ELEMENTO,2
316,AYA-PAUCARAY-DI-SASXP-01,AY-0313,NW-ROUTER,1,10.20.1.200,NOKIA,Networking,ELEMENTO,2
57,AYA-SOCOS-DI-SASXP-01,AY-0325,NW-ROUTER,1,10.20.1.62,NOKIA,Networking,ELEMENTO,2
159,AYA-SIVIA-DI-SASXP-01,AY-0328,NW-ROUTER,1,10.20.1.90,NOKIA,Networking,ELEMENTO,2
67,AYA-TAMBILLO-DI-SASXP-01,AY-0330,NW-ROUTER,1,10.20.1.64,NOKIA,Networking,ELEMENTO,2
213,AYA-TAMBO-DI-SASXP-01,AY-0331,NW-ROUTER,1,10.20.1.110,NOKIA,Networking,ELEMENTO,2
249,AYA-TAMBOQUE-DI-SASXP-01,AY-0332,NW-ROUTER,1,10.20.1.150,NOKIA,Networking,ELEMENTO,2
47,AYA-TICLLAS-DI-SASXP-01,AY-0335,NW-ROUTER,1,10.20.1.68,NOKIA,Networking,ELEMENTO,2
319,AYA-SORAS-DI-SASXP-01,AY-0338,NW-ROUTER,1,10.20.1.202,NOKIA,Networking,ELEMENTO,2
114,AYA-TOTOS-DI-SASXP-01,AY-0339,NW-ROUTER,1,10.20.1.40,NOKIA,Networking,ELEMENTO,2
289,AYA-UPAHUACH-DI-SASXP-01,AY-0347,NW-ROUTER,1,10.20.1.164,NOKIA,Networking,ELEMENTO,2
343,AYA-VILCANCH-DI-SASXP-01,AY-0354,NW-ROUTER,1,10.20.1.224,NOKIA,Networking,ELEMENTO,2
74,AYA-VINCHOS-DI-SASXP-01,AY-0355,NW-ROUTER,1,10.20.1.70,NOKIA,Networking,ELEMENTO,2
138,AYA-VIRACOCH-DI-SASXP-01,AY-0356,NW-ROUTER,1,10.20.1.92,NOKIA,Networking,ELEMENTO,2
366,AYA-VISCHONG-DI-SASXP-01,AY-0357,NW-ROUTER,1,10.20.1.238,NOKIA,Networking,ELEMENTO,2
57,P01 - Tambillo,AY-0325,FO - SOCOS - RUTA 1,1,192.168.0.2,FG-AYA-SOCOS,Fibra Optica,ELEMENTO,3
57,P02 - Luis Carranza,AY-0325,FO - SOCOS - RUTA 2,1,192.168.0.2,FG-AYA-SOCOS,Fibra Optica,ELEMENTO,3
57,P03 - DC Azteca Ayacucho,AY-0325,FO - SOCOS - RUTA 3,1,192.168.0.2,FG-AYA-SOCOS,Fibra Optica,ELEMENTO,3
57,P04 - Vilcanchos,AY-0325,FO - SOCOS - RUTA 4,1,192.168.0.2,FG-AYA-SOCOS,Fibra Optica,ELEMENTO,3
338,P01 - Paras,AY-0295,FO - SAN PEDRO DE HUAYA - RUTA 1,1,192.168.0.3,FG-AYA-SAN_PEDRO_DE_HUAYA,Fibra Optica,ELEMENTO,3
338,P02 - Sacsamarca,AY-0295,FO - SAN PEDRO DE HUAYA - RUTA 2,1,192.168.0.3,FG-AYA-SAN_PEDRO_DE_HUAYA,Fibra Optica,ELEMENTO,3
338,P03 -Pomabamba,AY-0295,FO - SAN PEDRO DE HUAYA - RUTA 3,1,192.168.0.3,FG-AYA-SAN_PEDRO_DE_HUAYA,Fibra Optica,ELEMENTO,3
338,P04 - Belen,AY-0295,FO - SAN PEDRO DE HUAYA - RUTA 4,1,192.168.0.3,FG-AYA-SAN_PEDRO_DE_HUAYA,Fibra Optica,ELEMENTO,3
338,P05 - Andamarca,AY-0295,FO - SAN PEDRO DE HUAYA - RUTA 5,1,192.168.0.3,FG-AYA-SAN_PEDRO_DE_HUAYA,Fibra Optica,ELEMENTO,3
338,P06 - S.Pedro Larcay,AY-0295,FO - SAN PEDRO DE HUAYA - RUTA 6,1,192.168.0.3,FG-AYA-SAN_PEDRO_DE_HUAYA,Fibra Optica,ELEMENTO,3
360,P01 - Concepcion,AY-0168,FO - HUAMBALPA - RUTA 1,1,192.168.0.4,FG-AYA-HUAMBALPA,Fibra Optica,ELEMENTO,3
360,P02 - Saurama,AY-0168,FO - HUAMBALPA - RUTA 2,1,192.168.0.4,FG-AYA-HUAMBALPA,Fibra Optica,ELEMENTO,3
250,P01 - Huac Huas,AY-0175,FO - LLAUTA - RUTA 1,1,192.168.0.5,FG-AYA-LLAUTA,Fibra Optica,ELEMENTO,3
250,P02 - Huanca Sancos,AY-0175,FO - LLAUTA - RUTA 2,1,192.168.0.5,FG-AYA-LLAUTA,Fibra Optica,ELEMENTO,3
250,P03 - San Pedro de Palco,AY-0175,FO - LLAUTA - RUTA 3,1,192.168.0.5,FG-AYA-LLAUTA,Fibra Optica,ELEMENTO,3
260,P01 - San Pedro,AY-0280,FO - SAN JUAN - RUTA 1,1,192.168.0.6,FG-AYA-SAN-JUAN,Fibra Optica,ELEMENTO,3
260,P02 - Leoncio Prado,AY-0280,FO - SAN JUAN - RUTA 2,1,192.168.0.6,FG-AYA-SAN-JUAN,Fibra Optica,ELEMENTO,3
213,P01 - Canayre,AY-0331,FO - TAMBO - RUTA 1,1,192.168.0.6,FG-AYA-TAMBO,Fibra Optica,ELEMENTO,3
213,P02 - Anchihuay,AY-0331,FO - TAMBO - RUTA 2,1,192.168.0.6,FG-AYA-TAMBO,Fibra Optica,ELEMENTO,3
213,P03 - Anchihuay,AY-0331,FO - TAMBO - RUTA 3,1,192.168.0.6,FG-AYA-TAMBO,Fibra Optica,ELEMENTO,3
213,P04 - Chungui,AY-0331,FO - TAMBO - RUTA 4,1,192.168.0.6,FG-AYA-TAMBO,Fibra Optica,ELEMENTO,3
213,P05 - Viracochan,AY-0331,FO - TAMBO - RUTA 5,1,192.168.0.6,FG-AYA-TAMBO,Fibra Optica,ELEMENTO,3
213,P06 - Luricocha,AY-0331,FO - TAMBO - RUTA 6,1,192.168.0.6,FG-AYA-TAMBO,Fibra Optica,ELEMENTO,3
288,P01 - Corculla,AY-0272,FO - SAN FRANCISCO DE RAVACAYCO - RUTA 1,1,192.168.0.7,FG-AYA-SAN-FRANCISCO-DE-RAVACAYCO,Fibra Optica,ELEMENTO,3
288,P02 - Pullo,AY-0272,FO - SAN FRANCISCO DE RAVACAYCO - RUTA 2,1,192.168.0.7,FG-AYA-SAN-FRANCISCO-DE-RAVACAYCO,Fibra Optica,ELEMENTO,3
288,P03 - Sancos,AY-0272,FO - SAN FRANCISCO DE RAVACAYCO - RUTA 3,1,192.168.0.7,FG-AYA-SAN-FRANCISCO-DE-RAVACAYCO,Fibra Optica,ELEMENTO,3
288,P04 - Aniso,AY-0272,FO - SAN FRANCISCO DE RAVACAYCO - RUTA 4,1,192.168.0.7,FG-AYA-SAN-FRANCISCO-DE-RAVACAYCO,Fibra Optica,ELEMENTO,3
288,P05 - Pullo,AY-0272,FO - SAN FRANCISCO DE RAVACAYCO - RUTA 5,1,192.168.0.7,FG-AYA-SAN-FRANCISCO-DE-RAVACAYCO,Fibra Optica,ELEMENTO,3
289,[00-0A-19-CA-01-81],AY-0004,CARHUANCA,1,192.168.0.0,AY-0004,Energia ,ELEMENTO,4
289,[00-0A-19-CA-02-47],AY-0005,ACOCRO,1,192.168.0.0,AY-0005,Energia ,ELEMENTO,4
289,[00-0A-19-C9-BB-5A],AY-0007,SAN CRISTOBAL,1,192.168.0.0,AY-0007,Energia ,ELEMENTO,4
289,[00-0A-19-C9-AD-39],AY-0008,SAURAMA,1,192.168.0.0,AY-0008,Energia ,ELEMENTO,4
289,[00-0A-19-C9-A6-1E],AY-0010,ACCOMARCA,1,192.168.0.0,AY-0010,Energia ,ELEMENTO,4
289,[00-0A-19-CA-01-57],AY-0011,ACOS VINCHOS,1,192.168.0.0,AY-0011,Energia ,ELEMENTO,4
289,[00-0A-19-C9-AC-CC],AY-0012,ANDAMARCA,1,192.168.0.0,AY-0012,Energia ,ELEMENTO,4
289,[00-0A-19-C9-AD-04],AY-0013,ANISO,1,192.168.0.0,AY-0013,Energia ,ELEMENTO,4
289,[00-0A-19-C9-A7-B6],AY-0015,APONGO,1,192.168.0.0,AY-0015,Energia ,ELEMENTO,4
289,[00-0A-19-C9-F4-86],AY-0020,ASQUIPATA,1,192.168.0.0,AY-0020,Energia ,ELEMENTO,4
289,[00-0A-19-C9-F3-AD],AY-0023,AUCARA,1,192.168.0.0,AY-0023,Energia ,ELEMENTO,4
289,[00-0A-19-C9-AC-CE],AY-0024,ALCAMENCA,1,192.168.0.0,AY-0024,Energia ,ELEMENTO,4
289,[00-0A-19-CA-01-C4],AY-0032,BELEN,1,192.168.0.0,AY-0032,Energia ,ELEMENTO,4
289,[00-0A-19-C9-AC-2E],AY-0035,CABANA,1,192.168.0.0,AY-0035,Energia ,ELEMENTO,4
289,[00-0A-19-CA-77-AE],AY-0037,CANARIA,1,192.168.0.0,AY-0037,Energia ,ELEMENTO,4
289,[00-0A-19-C9-AE-AD],AY-0038,CANAYRE,1,192.168.0.0,AY-0038,Energia ,ELEMENTO,4
289,[00-0A-19-C9-AC-EF],AY-0044,CARAPO,1,192.168.0.0,AY-0044,Energia ,ELEMENTO,4
289,[00-0A-19-C9-AC-E9],AY-0049,CARMEN ALTO,1,192.168.0.0,AY-0049,Energia ,ELEMENTO,4
289,[00-0A-19-CA-02-BF],AY-0063,ANCHIHUAY,1,192.168.0.0,AY-0063,Energia ,ELEMENTO,4
289,[00-0A-19-C9-AF-35],AY-0068,CHAVIÑA,1,192.168.0.0,AY-0068,Energia ,ELEMENTO,4
289,[00-0A-19-CA-01-6D],AY-0073,CHILCAS,1,192.168.0.0,AY-0073,Energia ,ELEMENTO,4
289,[00-0A-19-C9-AD-7E],AY-0074,CHILCAYOC,1,192.168.0.0,AY-0074,Energia ,ELEMENTO,4
289,[00-0A-19-C9-A7-DE],AY-0076,CHIPAO,1,192.168.0.0,AY-0076,Energia ,ELEMENTO,4
289,[00-0A-19-C9-F4-51],AY-0081,CHUMPI,1,192.168.0.0,AY-0081,Energia ,ELEMENTO,4
289,[00-0A-19-C9-AD-3B],AY-0082,CHUNGUI,1,192.168.0.0,AY-0082,Energia ,ELEMENTO,4
289,[00-0A-19-C9-F4-68],AY-0091,COLTA,1,192.168.0.0,AY-0091,Energia ,ELEMENTO,4
289,[00-0A-19-CA-01-10],AY-0095,CONCEPCION,1,192.168.0.0,AY-0095,Energia ,ELEMENTO,4
289,[00-0A-19-CA-4A-38],AY-0101,CORCULLA,1,192.168.0.0,AY-0101,Energia ,ELEMENTO,4
289,[00-0A-19-CA-6F-15],AY-0109,HUACAÑA,1,192.168.0.0,AY-0109,Energia ,ELEMENTO,4
289,[00-0A-19-C9-AC-D2],AY-0111,CAYARA,1,192.168.0.0,AY-0111,Energia ,ELEMENTO,4
289,[00-0A-19-C9-AE-5F],AY-0112,CHALCOS,1,192.168.0.0,AY-0112,Energia ,ELEMENTO,4
289,[00-0A-19-C9-AE-35],AY-0113,CHIARA,1,192.168.0.0,AY-0113,Energia ,ELEMENTO,4
289,[00-0A-19-C9-AE-29],AY-0114,CHIQUINTIRCA,1,192.168.0.0,AY-0114,Energia ,ELEMENTO,4
289,[00-0A-19-C9-A8-7F],AY-0120,HUANCARAYLLA,1,192.168.0.0,AY-0120,Energia ,ELEMENTO,4
289,[00-0A-19-C9-A6-2D],AY-0121,CHUSCHI,1,192.168.0.0,AY-0121,Energia ,ELEMENTO,4
289,[00-0A-19-C9-F4-56],AY-0135,INCUYO,1,192.168.0.0,AY-0135,Energia ,ELEMENTO,4
289,[00-0A-19-C9-AD-5B],AY-0140,COLCA,1,192.168.0.0,AY-0140,Energia ,ELEMENTO,4
289,[00-0A-19-CB-10-DB],AY-0143,LAMPA,1,192.168.0.0,AY-0143,Energia ,ELEMENTO,4
289,[00-0A-19-C9-AD-96],AY-0144,LARAMATE (@LARAMATE),1,192.168.0.0,AY-0144,Energia ,ELEMENTO,4
289,[00-0A-19-C9-AC-B5],AY-0146,LAS NAZARENAS,1,192.168.0.0,AY-0146,Energia ,ELEMENTO,4
289,[00-0A-19-C9-A5-8B],AY-0151,HUAC-HUAS,1,192.168.0.0,AY-0151,Energia ,ELEMENTO,4
289,[00-0A-19-C9-AE-4C],AY-0152,HUAMANGUILLA,1,192.168.0.0,AY-0152,Energia ,ELEMENTO,4
289,[00-0A-19-C9-A7-D0],AY-0155,LUCANAS,1,192.168.0.0,AY-0155,Energia ,ELEMENTO,4
289,[00-0A-19-C9-AE-BC],AY-0156,LURICOCHA,1,192.168.0.0,AY-0156,Energia ,ELEMENTO,4
289,[00-0A-19-C9-AE-82],AY-0157,MACACHACRA,1,192.168.0.0,AY-0157,Energia ,ELEMENTO,4
289,[00-0A-19-C9-AE-77],AY-0162,MARCABAMBA,1,192.168.0.0,AY-0162,Energia ,ELEMENTO,4
289,[00-0A-19-CA-02-C5],AY-0164,HUAMANQUIQUIA,1,192.168.0.0,AY-0164,Energia ,ELEMENTO,4
289,[00-0A-19-C9-AE-E4],AY-0168,HUAMBALPA,1,192.168.0.0,AY-0168,Energia ,ELEMENTO,4
289,[00-0A-19-C9-A7-C8],AY-0175,LLAUTA,1,192.168.0.0,AY-0175,Energia ,ELEMENTO,4
289,[00-0A-19-C9-AD-C0],AY-0176,MORCOLLA,1,192.168.0.0,AY-0176,Energia ,ELEMENTO,4
289,[00-0A-19-C9-AC-DF],AY-0188,OCAÑA,1,192.168.0.0,AY-0188,Energia ,ELEMENTO,4
289,[00-0A-19-C9-AE-31],AY-0191,LLOCHEGUA,1,192.168.0.0,AY-0191,Energia ,ELEMENTO,4
289,[00-0A-19-C9-F4-67],AY-0192,OYOLO,1,192.168.0.0,AY-0192,Energia ,ELEMENTO,4
289,[00-0A-19-C9-AE-A4],AY-0193,PACAPAUSA,1,192.168.0.0,AY-0193,Energia ,ELEMENTO,4
289,[00-0A-19-CA-02-8C],AY-0194,PACAYCASA,1,192.168.0.0,AY-0194,Energia ,ELEMENTO,4
289,[00-0A-19-CA-44-77],AY-0196,PAICO,1,192.168.0.0,AY-0196,Energia ,ELEMENTO,4
289,[00-0A-19-C9-F5-34],AY-0199,PALMAPAMPA,1,192.168.0.0,AY-0199,Energia ,ELEMENTO,4
289,[00-0A-19-CA-77-AC],AY-0206,PAMPAS,1,192.168.0.0,AY-0206,Energia ,ELEMENTO,4
289,[00-0A-19-C9-AE-71],AY-0208,NUEVO PACCHA HUALLHUA,1,192.168.0.0,AY-0208,Energia ,ELEMENTO,4
289,[00-0A-19-C9-AC-27],AY-0209,PARARCA,1,192.168.0.0,AY-0209,Energia ,ELEMENTO,4
289,[00-0A-19-C9-AE-4A],AY-0210,PARAS,1,192.168.0.0,AY-0210,Energia ,ELEMENTO,4
289,[00-0A-19-C9-A5-8E],AY-0219,POMABAMBA,1,192.168.0.0,AY-0219,Energia ,ELEMENTO,4
289,[00-0A-19-C9-BB-33],AY-0227,PULLO,1,192.168.0.0,AY-0227,Energia ,ELEMENTO,4
289,[00-0A-19-C9-AC-A4],AY-0232,OCROS,1,192.168.0.0,AY-0232,Energia ,ELEMENTO,4
289,[00-0A-19-CA-44-91],AY-0239,QUILCATA,1,192.168.0.0,AY-0239,Energia ,ELEMENTO,4
289,[00-0A-19-C9-AC-D5],AY-0243,QUINUA,1,192.168.0.0,AY-0243,Energia ,ELEMENTO,4
289,[00-0A-19-C9-AF-2C],AY-0247,OTOCA,1,192.168.0.0,AY-0247,Energia ,ELEMENTO,4
289,[00-0A-19-C9-AF-4C],AY-0254,SACSAMARCA,1,192.168.0.0,AY-0254,Energia ,ELEMENTO,4
289,[00-0A-19-C9-AD-50],AY-0268,PAMPA CANGALLO,1,192.168.0.0,AY-0268,Energia ,ELEMENTO,4
289,[00-0A-19-CA-02-1E],AY-0269,SAN FRANCISCO,1,192.168.0.0,AY-0269,Energia ,ELEMENTO,4
289,[00-0A-19-CA-77-8D],AY-0272,SAN FRANCISCO DE RAVACAYCO,1,192.168.0.0,AY-0272,Energia ,ELEMENTO,4
289,[00-0A-19-C9-AE-73],AY-0273,SAN JAVIER DE ALPABAMBA,1,192.168.0.0,AY-0273,Energia ,ELEMENTO,4
289,[00-0A-19-C9-AE-20],AY-0274,SAISA,1,192.168.0.0,AY-0274,Energia ,ELEMENTO,4
289,[00-0A-19-C9-F3-B7],AY-0278,SAN JOSE DE SECCE,1,192.168.0.0,AY-0278,Energia ,ELEMENTO,4
289,[00-0A-19-CA-01-C5],AY-0279,SAN JOSE DE USHUA,1,192.168.0.0,AY-0279,Energia ,ELEMENTO,4
289,[00-0A-19-C9-AC-F0],AY-0280,SAN JUAN,1,192.168.0.0,AY-0280,Energia ,ELEMENTO,4
289,[00-0A-19-CA-4B-67],AY-0281,SAN JUAN BAUTISTA,1,192.168.0.0,AY-0281,Energia ,ELEMENTO,4
289,[00-0A-19-C9-BB-6C],AY-0288,SAN PEDRO DE CACHI,1,192.168.0.0,AY-0288,Energia ,ELEMENTO,4
289,[00-0A-19-C9-AC-5E],AY-0294,SAN PEDRO,1,192.168.0.0,AY-0294,Energia ,ELEMENTO,4
289,[00-0A-19-C9-F3-C2],AY-0295,SAN PEDRO DE HUAYA,1,192.168.0.0,AY-0295,Energia ,ELEMENTO,4
289,[00-0A-19-C9-AC-80],AY-0297,SAN PEDRO DE LARCAY,1,192.168.0.0,AY-0297,Energia ,ELEMENTO,4
289,[00-0A-19-C9-AC-9D],AY-0298,SAN PEDRO DE PALCO,1,192.168.0.0,AY-0298,Energia ,ELEMENTO,4
289,[00-0A-19-CA-44-BC],AY-0300,SAN SALVADOR DE QUIJE,1,192.168.0.0,AY-0300,Energia ,ELEMENTO,4
289,[00-0A-19-CA-02-05],AY-0302,SANTA LUCIA,1,192.168.0.0,AY-0302,Energia ,ELEMENTO,4
289,[00-0A-19-CA-02-48],AY-0303,SANCOS,1,192.168.0.0,AY-0303,Energia ,ELEMENTO,4
289,[00-0A-19-CA-02-1A],AY-0304,SANTA ANA DE HUAYCAHUACHO,1,192.168.0.0,AY-0304,Energia ,ELEMENTO,4
289,[00-0A-19-C9-AF-3D],AY-0305,SARHUA,1,192.168.0.0,AY-0305,Energia ,ELEMENTO,4
289,[00-0A-19-C9-AF-3B],AY-0307,SANTA ROSA (@SANTA ROSA),1,192.168.0.0,AY-0307,Energia ,ELEMENTO,4
289,[00-0A-19-C9-F4-AF],AY-0312,SANTIAGO DE LUCANAMARCA,1,192.168.0.0,AY-0312,Energia ,ELEMENTO,4
289,[00-0A-19-C9-BB-3D],AY-0313,SANTIAGO DE PAUCARAY,1,192.168.0.0,AY-0313,Energia ,ELEMENTO,4
289,[00-0A-19-C9-AC-C4],AY-0325,SOCOS,1,192.168.0.0,AY-0325,Energia ,ELEMENTO,4
289,[00-0A-19-C9-A8-10],AY-0328,SIVIA,1,192.168.0.0,AY-0328,Energia ,ELEMENTO,4
289,[00-0A-19-C9-BB-3B],AY-0330,TAMBILLO,1,192.168.0.0,AY-0330,Energia ,ELEMENTO,4
289,[00-0A-19-CA-3D-B6],AY-0331,TAMBO,1,192.168.0.0,AY-0331,Energia ,ELEMENTO,4
289,[00-0A-19-C9-AF-30],AY-0332,TAMBO QUEMADO,1,192.168.0.0,AY-0332,Energia ,ELEMENTO,4
289,[00-0A-19-C9-AC-E3],AY-0335,TICLLAS,1,192.168.0.0,AY-0335,Energia ,ELEMENTO,4
289,[00-0A-19-C9-F5-36],AY-0338,SORAS,1,192.168.0.0,AY-0338,Energia ,ELEMENTO,4
289,[00-0A-19-C9-BB-59],AY-0339,TOTOS,1,192.168.0.0,AY-0339,Energia ,ELEMENTO,4
289,[00-0A-19-C9-F3-4C],AY-0347,UPAHUACHO,1,192.168.0.0,AY-0347,Energia ,ELEMENTO,4
289,[00-0A-19-CA-4C-EA],AY-0354,VILCANCHOS,1,192.168.0.0,AY-0354,Energia ,ELEMENTO,4
289,[00-0A-19-CA-78-55],AY-0355,VINCHOS,1,192.168.0.0,AY-0355,Energia ,ELEMENTO,4
289,[00-0A-19-C9-AC-66],AY-0356,VIRACOCHAN,1,192.168.0.0,AY-0356,Energia ,ELEMENTO,4
289,[00-0A-19-C9-AE-7C],AY-0357,VISCHONGO,1,192.168.0.0,AY-0357,Energia ,ELEMENTO,4
