REGION,CODIGO LOCALIDAD,CODIGO NODO,SITIO,TIPO DE NODO,MAC ADDRES
APURIMAC,-,,DC ACCESO,DATA CENTER,00-0A-19-CA-01-A7
APURIMAC,AP-0003,AP-0003-A01,ACCOPAMPA,TERMINAL,00-0A-19-CA-01-74
APURIMAC,AP-0004,AP-0004-A01,ACPITAN,TERMINAL,00-0A-19-C9-F4-78
APURIMAC,AP-0005,AP-0005-A01,ALAY PAMPA,INTERMEDIO,00-0A-19-CA-01-F6
APURIMAC,AP-0008,AP-0008-A01,ANCATIRA,TERMINAL,00-0A-19-CA-49-DB
APURIMAC,AP-0009,AP-0009-A01,ANCCOPACCHA,TERMINAL,OFFLINE
APURIMAC,AP-0010,AP-0010-A01,ANCHICHA,TERMINAL,00-0A-19-CA-4D-13
APURIMAC,AP-0011,AP-0011-A01,ANCOBAMBA,TERMINAL,00-0A-19-C9-A6-2C
APURIMAC,AP-0013,AP-0013-A01,ANDARAPA,DISTRITAL,00-0A-19-C9-BB-47
APURIMAC,AP-0015,AP-0015-A01,ANTAPAMPA,INTERMEDIO,00-0A-19-C9-AC-78
APURIMAC,AP-0016,AP-0016-A01,ANTAPUNCO,TERMINAL,00-0A-19-CA-4D-00
APURIMAC,AP-0017,AP-0017-A01,ANTASCO,TERMINAL,00-0A-19-CA-44-88
APURIMAC,AP-0018,AP-0018-A01,ANTILLA,INTERMEDIO,00-0A-19-C9-AE-9D
APURIMAC,AP-0020,AP-0020-A01,APUMARCA,INTERMEDIO,00-0A-19-CA-02-92
APURIMAC,AP-0022,AP-0022-A01,ARGAMA BAJA,INTERMEDIO,00-0A-19-CA-78-9E
APURIMAC,AP-0023,AP-0023-A01,ASACASI,TERMINAL,00-0A-19-C9-F4-A9
APURIMAC,AP-0024,AP-0024-A01,ASIL,TERMINAL,00-0A-19-C9-A7-C7
APURIMAC,AP-0025,AP-0025-A01,ATUMPATA,TERMINAL,00-0A-19-CA-02-14
APURIMAC,AP-0026,AP-0026-A01,AUQUIBAMBA,INTERMEDIO,00-0A-19-C9-AC-B8
APURIMAC,AP-0027,AP-0027-A01,AYAHUAY,DISTRITAL,00-0A-19-C9-BB-35
APURIMAC,AP-0029,AP-0029-A01,AYRIHUANCA,DISTRITAL,00-0A-19-C9-AE-27
APURIMAC,AP-0030,AP-0030-A01,BACAS,TERMINAL,00-0A-19-C9-AC-5B
APURIMAC,AP-0031,AP-0031-A01,BELEN ANTA,INTERMEDIO,00-0A-19-C9-AE-96
APURIMAC,AP-0032,AP-0032-A01,BELLAVISTA,TERMINAL,00-0A-19-CA-01-6A
APURIMAC,AP-0033,AP-0033-A01,BUENA VISTA,INTERMEDIO,00-0A-19-CA-4A-57
APURIMAC,AP-0034,AP-0034-A01,CACHORA,DISTRITAL,00-0A-19-C9-A5-6A
APURIMAC,AP-0035,AP-0035-A01,CALLEBAMBA,TERMINAL,00-0A-19-C9-AF-49
APURIMAC,AP-0036,AP-0036-A01,CAPAYA,DISTRITAL,00-0A-19-C9-AC-70
APURIMAC,AP-0037,AP-0037-A01,CARAYBAMBA,DISTRITAL,00-0A-19-C9-AD-9A
APURIMAC,AP-0038,AP-0038-A01,CASABAMBA,INTERMEDIO,00-0A-19-CA-4C-08
APURIMAC,AP-0040,AP-0040-A01,CAYARA,TERMINAL,00-0A-19-C9-A6-0C
APURIMAC,AP-0041,AP-0041-A01,CCALLASPUQUIO,TERMINAL,00-0A-19-C9-AC-AC
APURIMAC,AP-0042,AP-0042-A01,CCANCCAYLLO,INTERMEDIO,00-0A-19-CA-49-AD
APURIMAC,AP-0043,AP-0043-A01,CCANTUPATA,TERMINAL,00-0A-19-C9-AD-C3
APURIMAC,AP-0044,AP-0044-A01,CCAPCCA,TERMINAL,00-0A-19-C9-F5-26
APURIMAC,AP-0045,AP-0045-A01,CCASACANCHA,TERMINAL,00-0A-19-CA-02-3D
APURIMAC,AP-0046,AP-0046-A01,CCASANCCA,TERMINAL,00-0A-19-CA-4C-09
APURIMAC,AP-0047,AP-0047-A01,CCE헷AHURAN,TERMINAL,00-0A-19-C9-AE-70
APURIMAC,AP-0048,AP-0048-A01,CCERABAMBA,TERMINAL,00-0A-19-C9-AD-0F
APURIMAC,AP-0049,AP-0049-A01,CCOCHA,TERMINAL,00-0A-19-C9-F5-0A
APURIMAC,AP-0050,AP-0050-A01,CCOCHAPATA,TERMINAL,00-0A-19-C9-F3-B6
APURIMAC,AP-0051,AP-0051-A01,CCOLLPA,TERMINAL,00-0A-19-CA-4A-21
APURIMAC,AP-0052,AP-0052-A01,CCOMPICANCHA,INTERMEDIO,00-0A-19-CA-77-F0
APURIMAC,AP-0053,AP-0053-A01,CHACAMACHAY,TERMINAL,00-0A-19-C9-F3-62
APURIMAC,AP-0054,AP-0054-A01,CHACAPUENTE,TERMINAL,00-0A-19-CA-01-7B
APURIMAC,AP-0055,AP-0055-A01,CHACCRAMPA,DISTRITAL,00-0A-19-C9-A8-7C
APURIMAC,AP-0056,AP-0056-A01,CHACOCHE,DISTRITAL,00-0A-19-C9-AE-B8
APURIMAC,AP-0058,AP-0058-A01,CHALLHUAHUACHO,DISTRITAL,00-0A-19-CA-78-96
APURIMAC,AP-0060,AP-0060-A01,CHALLHUANI (@OCOBAMBA),TERMINAL,00-0A-19-CA-02-B9
APURIMAC,AP-0061,AP-0061-A01,CHANTA,TERMINAL,00-0A-19-C9-F5-0F
APURIMAC,AP-0062,AP-0062-A01,CHANTA UMACA,TERMINAL,00-0A-19-C9-F4-5F
APURIMAC,AP-0063,AP-0063-A01,CHAPIMARCA (@CHAPIMARCA),DISTRITAL,00-0A-19-C9-AD-25
APURIMAC,AP-0064,AP-0064-A01,CHAPIMARCA (@CHUQUIBAMBILLA),TERMINAL,00-0A-19-CA-04-AA
APURIMAC,AP-0065,AP-0065-A01,CHAUPIORCCO,INTERMEDIO,00-0A-19-CA-02-89
APURIMAC,AP-0066,AP-0066-A01,CHECCASA,TERMINAL,00-0A-19-CA-49-FB
APURIMAC,AP-0067,AP-0067-A01,CHECCHE,TERMINAL,00-0A-19-C9-F5-0C
APURIMAC,AP-0068,AP-0068-A01,CHIARA,DISTRITAL,00-0A-19-C9-AC-E6
APURIMAC,AP-0072,AP-0072-A01,CHULLCUISA,TERMINAL,00-0A-19-CA-49-E9
APURIMAC,AP-0073,AP-0073-A01,CHULLUNI IZQUIERDO,INTERMEDIO,00-0A-19-CA-78-14
APURIMAC,AP-0074,AP-0074-A01,CHUMPALLHUA,TERMINAL,00-0A-19-CA-44-A0
APURIMAC,AP-0076,AP-0076-A01,CHURRUBAMBA,INTERMEDIO,00-0A-19-CA-49-D4
APURIMAC,AP-0077,AP-0077-A01,CIRCA,DISTRITAL,00-0A-19-C9-A6-A8
APURIMAC,AP-0078,AP-0078-A01,COCHARCAS,DISTRITAL,00-0A-19-C9-A7-DC
APURIMAC,AP-0079,AP-0079-A01,COLCABAMBA,DISTRITAL,00-0A-19-C9-AE-94
APURIMAC,AP-0080,AP-0080-A01,COLLAURO,TERMINAL,00-0A-19-CA-49-B1
APURIMAC,AP-0081,AP-0081-A01,COLPA,TERMINAL,00-0A-19-CA-4C-91
APURIMAC,AP-0082,AP-0082-A01,COMUNPAMPA,TERMINAL,00-0A-19-C9-F4-E6
APURIMAC,AP-0083,AP-0083-A01,CONCACHA,INTERMEDIO,00-0A-19-CA-02-B7
APURIMAC,AP-0084,AP-0084-A01,CONDEBAMBA,TERMINAL,00-0A-19-CA-04-5F
APURIMAC,AP-0085,AP-0085-A01,COTABAMBAS,DISTRITAL,00-0A-19-C9-AE-42
APURIMAC,AP-0086,AP-0086-A01,COTARMA,TERMINAL,00-0A-19-C9-E9-77
APURIMAC,AP-0087,AP-0087-A01,COTARUSE,DISTRITAL,00-0A-19-C9-AE-69
APURIMAC,AP-0088,AP-0088-A01,COYLLURQUI,DISTRITAL,00-0A-19-CA-4A-B5
APURIMAC,AP-0090,AP-0090-A01,CURAHUASI,DISTRITAL,00-0A-19-C9-AF-44
APURIMAC,AP-0091,AP-0091-A01,CURASCO,DISTRITAL,00-0A-19-C9-AE-23
APURIMAC,AP-0092,AP-0092-A01,CURPAHUASI,DISTRITAL,00-0A-19-C9-AC-83
APURIMAC,AP-0093,AP-0093-A01,HAPURO,INTERMEDIO,00-0A-19-C9-AE-93
APURIMAC,AP-0094,AP-0094-A01,HAQUIRA,DISTRITAL,00-0A-19-C9-AE-64
APURIMAC,AP-0095,AP-0095-A01,HUACCANA,DISTRITAL,00-0A-19-C9-AE-3A
APURIMAC,AP-0097,AP-0097-A01,HUAMBO,INTERMEDIO,00-0A-19-CA-4A-0D
APURIMAC,AP-0098,AP-0098-A01,HUAMBURQUE,INTERMEDIO,00-0A-19-CA-3E-97
APURIMAC,AP-0099,AP-0099-A01,HUAMPICA,INTERMEDIO,00-0A-19-CA-04-A6
APURIMAC,AP-0100,AP-0100-A01,HUANCABAMBA,TERMINAL,00-0A-19-CA-49-CE
APURIMAC,AP-0102,AP-0102-A01,HUANCANE,INTERMEDIO,00-0A-19-CA-45-03
APURIMAC,AP-0104,AP-0104-A01,HUANCARAMA,DISTRITAL,00-0A-19-C8-86-37
APURIMAC,AP-0105,AP-0105-A01,HUANCARAY (@HUANCARAY),DISTRITAL,00-0A-19-C9-AE-F2
APURIMAC,AP-0106,AP-0106-A01,HUANCARAY (@PACHACONAS),TERMINAL,00-0A-19-C9-F3-AF
APURIMAC,AP-0107,AP-0107-A01,HUANCARPUQUIO,INTERMEDIO,00-0A-19-CB-2C-4E
APURIMAC,AP-0108,AP-0108-A01,HUANCAS,INTERMEDIO,00-0A-19-CA-49-CD
APURIMAC,AP-0109,AP-0109-A01,HUANIPACA,DISTRITAL,00-0A-19-C9-A5-63
APURIMAC,AP-0110,AP-0110-A01,HUAQUIRCA,DISTRITAL,00-0A-19-C8-86-E8
APURIMAC,AP-0111,AP-0111-A01,HUARIBAMBA,TERMINAL,00-0A-19-C9-AD-23
APURIMAC,AP-0112,AP-0112-A01,HUASCATAY,TERMINAL,00-0A-19-CA-3E-35
APURIMAC,AP-0113,AP-0113-A01,HUAYANA,DISTRITAL,00-0A-19-C9-AD-26
APURIMAC,AP-0115,AP-0115-A01,HUAYLLABAMBA,INTERMEDIO,00-0A-19-CA-01-86
APURIMAC,AP-0116,AP-0116-A01,HUAYLLATI,DISTRITAL,00-0A-19-C9-BB-6F
APURIMAC,AP-0117,AP-0117-A01,HUAYLLO,DISTRITAL,00-0A-19-C9-BB-52
APURIMAC,AP-0118,AP-0118-A01,HUAYO GRANDE,TERMINAL,00-0A-19-CA-4B-A4
APURIMAC,AP-0119,AP-0119-A01,HUINCHUS,TERMINAL,00-0A-19-CA-49-A3
APURIMAC,AP-0120,AP-0120-A01,HUIRUNAY,INTERMEDIO,00-0A-19-CC-B1-7F
APURIMAC,AP-0121,AP-0121-A01,ILLAHUASI,TERMINAL,00-0A-19-C9-F3-CB
APURIMAC,AP-0122,AP-0122-A01,ISCAYHUANCA,TERMINAL,00-0A-19-C9-AD-2C
APURIMAC,AP-0123,AP-0123-A01,KAQUIABAMBA,DISTRITAL,00-0A-19-C9-A5-73
APURIMAC,AP-0124,AP-0124-A01,KERAPATA NUEVA ESPERANZA,TERMINAL,00-0A-19-C9-AE-C4
APURIMAC,AP-0125,AP-0125-A01,KISHUARA,DISTRITAL,00-0A-19-C9-BB-76
APURIMAC,AP-0126,AP-0126-A01,KULLCO,TERMINAL,00-0A-19-CA-01-B1
APURIMAC,AP-0128,AP-0128-A01,LAMBRAMA,DISTRITAL,00-0A-19-C9-BB-37
APURIMAC,AP-0130,AP-0130-A01,LAYME,TERMINAL,00-0A-19-CA-04-01
APURIMAC,AP-0131,AP-0131-A01,LLACTABAMBA,TERMINAL,00-0A-19-C9-AD-0B
APURIMAC,AP-0132,AP-0132-A01,LLANTUYHUANCA,INTERMEDIO,00-0A-19-C9-F4-75
APURIMAC,AP-0133,AP-0133-A01,LLICCHIVILCA,INTERMEDIO,00-0A-19-CA-44-AE
APURIMAC,AP-0134,AP-0134-A01,LLIUPAPUQUIO,INTERMEDIO,00-0A-19-CA-42-B2
APURIMAC,AP-0135,AP-0135-A01,LOS ANGELES,TERMINAL,00-0A-19-C9-F4-F7
APURIMAC,AP-0136,AP-0136-A01,LOS CHANCAS,TERMINAL,00-0A-19-CA-78-85
APURIMAC,AP-0137,AP-0137-A01,LUCMOS,TERMINAL,00-0A-19-C9-F4-C9
APURIMAC,AP-0138,AP-0138-A01,LUCRE,DISTRITAL,00-0A-19-C9-AD-C7
APURIMAC,AP-0139,AP-0139-A01,LUCUCHANGA (SAN FRANCISCO DE LUCUCHANGA),TERMINAL,00-0A-19-CA-01-9E
APURIMAC,AP-0140,AP-0140-A01,LUIS PATA CHILLCARACCRA,TERMINAL,00-0A-19-C9-A5-7B
APURIMAC,AP-0141,AP-0141-A01,MAMARA,DISTRITAL,00-0A-19-C9-AE-9D
APURIMAC,AP-0142,AP-0142-A01,MANASQUI,TERMINAL,00-0A-19-CA-3D-8D
APURIMAC,AP-0143,AP-0143-A01,MANCHAYBAMBA,TERMINAL,00-0A-19-C9-AE-32
APURIMAC,AP-0144,AP-0144-A01,MARA,DISTRITAL,00-0A-19-C9-AE-17
APURIMAC,AP-0145,AP-0145-A01,MARCAHUASI,TERMINAL,00-0A-19-CA-49-F2
APURIMAC,AP-0146,AP-0146-A01,MARJUPATA ALTA,TERMINAL,00-0A-19-C9-A5-E2
APURIMAC,AP-0147,AP-0147-A01,MATARA,TERMINAL,00-0A-19-CA-03-F0
APURIMAC,AP-0148,AP-0148-A01,MATECCLLA,INTERMEDIO,00-0A-19-CA-02-07
APURIMAC,AP-0149,AP-0149-A01,MAUCALLACCTA,TERMINAL,00-0A-19-CA-02-00
APURIMAC,AP-0150,AP-0150-A01,MAUCALLACTA,TERMINAL,00-0A-19-CA-02-B2
APURIMAC,AP-0151,AP-0151-A01,MITOBAMBA,TERMINAL,00-0A-19-C9-F4-C2
APURIMAC,AP-0152,AP-0152-A01,MOLINOPATA,TERMINAL,00-0A-19-CA-01-7C
APURIMAC,AP-0153,AP-0153-A01,MOLLEBAMBA,DISTRITAL,00-0A-19-C9-A5-A5
APURIMAC,AP-0154,AP-0154-A01,MOLLEPATA (@HUANCARAY),TERMINAL,00-0A-19-CA-4A-60
APURIMAC,AP-0155,AP-0155-A01,MOLLEPATA (@ONGOY),TERMINAL,00-0A-19-C9-F3-A6
APURIMAC,AP-0156,AP-0156-A01,MOSECCA,TERMINAL,00-0A-19-C9-BB-6D
APURIMAC,AP-0159,AP-0159-A01,MOYACCASA,TERMINAL,00-0A-19-CA-02-30
APURIMAC,AP-0161,AP-0161-A01,MULACANCHA,TERMINAL,00-0A-19-CA-77-3D
APURIMAC,AP-0162,AP-0162-A01,MUTCA,TERMINAL,00-0A-19-CA-01-67
APURIMAC,AP-0164,AP-0164-A01,NUEVA ESPERANZA,TERMINAL,00-0A-19-CA-44-AA
APURIMAC,AP-0166,AP-0166-A01,OCCEPATA,TERMINAL,00-0A-19-CA-4D-1C
APURIMAC,AP-0168,AP-0168-A01,OCCORURO,INTERMEDIO,00-0A-19-D9-58-E5
APURIMAC,AP-0169,AP-0169-A01,OCOBAMBA,DISTRITAL,00-0A-19-C9-AC-44
APURIMAC,AP-0170,AP-0170-A01,OCRABAMBA,TERMINAL,00-0A-19-CA-44-A4
APURIMAC,AP-0172,AP-0172-A01,ONGOY,DISTRITAL,00-0A-19-C9-AD-78
APURIMAC,AP-0174,AP-0174-A01,OROPESA,DISTRITAL,00-0A-19-C9-AE-A0
APURIMAC,AP-0175,AP-0175-A01,OTAS BELLAVISTA,INTERMEDIO,00-0A-19-C9-AE-2D
APURIMAC,AP-0176,AP-0176-A01,PACCAYPATA,INTERMEDIO,00-0A-19-C9-F4-55
APURIMAC,AP-0177,AP-0177-A01,PACHACHACA,TERMINAL,00-0A-19-C9-AC-B9
APURIMAC,AP-0178,AP-0178-A01,PACHACONAS,DISTRITAL,00-0A-19-CA-78-D0
APURIMAC,AP-0179,AP-0179-A01,PACOBAMBA,DISTRITAL,00-0A-19-C9-AF-38
APURIMAC,AP-0180,AP-0180-A01,PACUCHA,DISTRITAL,00-0A-19-C9-AD-ED
APURIMAC,AP-0181,AP-0181-A01,PADRE RUMI,TERMINAL,00-0A-19-C9-AE-5A
APURIMAC,AP-0182,AP-0182-A01,PALLACCOCHA,TERMINAL,00-0A-19-CA-44-B0
APURIMAC,AP-0183,AP-0183-A01,PALPACACHI,DISTRITAL,00-0A-19-C9-AC-CA
APURIMAC,AP-0184,AP-0184-A01,PAMPACHIRI,DISTRITAL,00-0A-19-C9-A5-BA
APURIMAC,AP-0185,AP-0185-A01,PAMPAHUITE,TERMINAL,00-0A-19-CA-4D-16
APURIMAC,AP-0186,AP-0186-A01,PAMPAHURA,TERMINAL,00-0A-19-C9-F4-B5
APURIMAC,AP-0187,AP-0187-A01,PAMPALLACTA,TERMINAL,00-0A-19-CC-B1-71
APURIMAC,AP-0188,AP-0188-A01,PAMPAMARCA (@COTARUSE),TERMINAL,00-0A-19-CA-49-DD
APURIMAC,AP-0189,AP-0189-A01,PAMPAMARCA (@TALAVERA),INTERMEDIO,00-0A-19-CA-01-B4
APURIMAC,AP-0190,AP-0190-A01,PATAHUASI,TERMINAL,00-0A-19-CA-01-CC
APURIMAC,AP-0191,AP-0191-A01,PATAPATA,INTERMEDIO,00-0A-19-C9-F4-FA
APURIMAC,AP-0192,AP-0192-A01,PATAYPAMPA,DISTRITAL,00-0A-19-C9-AC-FD
APURIMAC,AP-0193,AP-0193-A01,PFACO,TERMINAL,00-0A-19-C9-AC-4C
APURIMAC,AP-0194,AP-0194-A01,PICHIHUA,DISTRITAL,00-0A-19-C9-AC-57
APURIMAC,AP-0195,AP-0195-A01,PICHIRHUA,DISTRITAL,00-0A-19-D9-57-E8
APURIMAC,AP-0196,AP-0196-A01,PICHIUPATA,TERMINAL,00-0A-19-C9-AE-2A
APURIMAC,AP-0197,AP-0197-A01,PINCAHUACHO,TERMINAL,00-0A-19-CA-4A-AB
APURIMAC,AP-0198,AP-0198-A01,PISCAYA,TERMINAL,00-0A-19-C9-EB-E3
APURIMAC,AP-0199,AP-0199-A01,PISCOBAMBA,TERMINAL,00-0A-19-CA-01-80
APURIMAC,AP-0200,AP-0200-A01,PISONAYPATA,TERMINAL,00-0A-19-C9-AE-6B
APURIMAC,AP-0201,AP-0201-A01,PITUHUANCA,TERMINAL,00-A0-19-CA-01-2B
APURIMAC,AP-0202,AP-0202-A01,POCOHUANCA,DISTRITAL,00-0A-19-C9-BB-6B
APURIMAC,AP-0203,AP-0203-A01,POLTOCSA,TERMINAL,00-A0-19-C9-AD-44
APURIMAC,AP-0204,AP-0204-A01,POMACOCHA,DISTRITAL,00-0A-19-C9-AE-AA
APURIMAC,AP-0205,AP-0205-A01,PROGRESO,DISTRITAL,00-0A-19-C9-AD-58
APURIMAC,AP-0206,AP-0206-A01,PUCARA TAMBORACCAY,TERMINAL,00-0A-19-CA-4A-06
APURIMAC,AP-0207,AP-0207-A01,PUCULLOCCOCHA,INTERMEDIO,00-A0-19-CA-4B-70
APURIMAC,AP-0209,AP-0209-A01,PULLURI,INTERMEDIO,00-0A-19-CA-77-7E
APURIMAC,AP-0211,AP-0211-A01,PUYHUALLA CENTRO,TERMINAL,00-0A-19-C9-A5-AB
APURIMAC,AP-0212,AP-0212-A01,QUEU헤PAMPA,TERMINAL,00-0A-19-C9-F4-BF
APURIMAC,AP-0213,AP-0213-A01,QUISAPATA ALTA,TERMINAL,00-0A-19-CA-01-B2
APURIMAC,AP-0214,AP-0214-A01,QUISCABAMBA,TERMINAL,00-0A-19-C9-AC-47
APURIMAC,AP-0215,AP-0215-A01,RANRACANCHA,DISTRITAL,00-0A-19-CA-78-6B
APURIMAC,AP-0216,AP-0216-A01,RAT KAY,INTERMEDIO,00-0A-19-C9-F4-12
APURIMAC,AP-0219,AP-0219-A01,ROCCHAC,DISTRITAL,00-0A-19-C9-AC-99
APURIMAC,AP-0220,AP-0220-A01,SABAINO,TERMINAL,00-0A-19-CA-77-B9
APURIMAC,AP-0221,AP-0221-A01,SACCLAYA,INTERMEDIO,00-0A-19-CA-02-00
APURIMAC,AP-0222,AP-0222-A01,SAN ANTONIO (@SAN ANTONIO),DISTRITAL,00-0A-19-D9-5C-2E
APURIMAC,AP-0223,AP-0223-A01,SAN ANTONIO (@TAMBURCO),TERMINAL,00-0A-19-CC-77-74
APURIMAC,AP-0224,AP-0224-A01,SAN ANTONIO DE CACHI,DISTRITAL,00-0A-19-C9-A8-61
APURIMAC,AP-0226,AP-0226-A01,SAN JERONIMO,DISTRITAL,00-0A-19-CA-4D-20
APURIMAC,AP-0227,AP-0227-A01,SAN JUAN,TERMINAL,00-0A-19-CA-01-5D
APURIMAC,AP-0228,AP-0228-A01,SAN JUAN BAUTISTA,INTERMEDIO,00-0A-19-CA-4B-9F
APURIMAC,AP-0229,AP-0229-A01,SAN JUAN DE CHAC헤,DISTRITAL,00-0A-19-C9-BB-55
APURIMAC,AP-0230,AP-0230-A01,SAN JUAN DE KULA,TERMINAL,00-0A-19-CA-4C-F6
APURIMAC,AP-0231,AP-0231-A01,SAN JUAN DE LLACHUA,TERMINAL,00-0A-19-CA-01-1D
APURIMAC,AP-0232,AP-0232-A01,SAN JUAN DE MIRAFLORES,TERMINAL,00-0A-19-C9-A7-FC
APURIMAC,AP-0233,AP-0233-A01,SAN JUAN DE VIRUNDO,DISTRITAL,00-0A-19-CA-49-B9
APURIMAC,AP-0234,AP-0234-A01,SAN LORENZO DE KARHUAKAHUA,INTERMEDIO,00-0A-19-C9-AD-E0
APURIMAC,AP-0236,AP-0236-A01,SAN MATEO,TERMINAL,00-0A-19-CA-02-03
APURIMAC,AP-0237,AP-0237-A01,SAN PEDRO DE CHUPARO,TERMINAL,00-0A-19-C9-AE-AB
APURIMAC,AP-0239,AP-0239-A01,SANTA MARIA DE CHICMO,DISTRITAL,00-0A-19-C8-78-73
APURIMAC,AP-0240,AP-0240-A01,SANTA ROSA (@CHAPIMARCA),TERMINAL,00-0A-19-CA-77-DF
APURIMAC,AP-0241,AP-0241-A01,SANTA ROSA (@ONGOY),TERMINAL,00-0A-19-CA-4A-58
APURIMAC,AP-0242,AP-0242-A01,SANTA ROSA (@SANTA ROSA),DISTRITAL,00-0A-19-C9-A6-0F
APURIMAC,AP-0243,AP-0243-A01,SA헤YCA,DISTRITAL,00-0A-19-C9-AD-98
APURIMAC,AP-0244,AP-0244-A01,SARAHUARCAY,TERMINAL,00-0A-19-C9-AC-48
APURIMAC,AP-0245,AP-0245-A01,SARAICA,TERMINAL,00-0A-19-C9-AE-47
APURIMAC,AP-0246,AP-0246-A01,SAYHUA,TERMINAL,00-0A-19-D9-5D-33
APURIMAC,AP-0248,AP-0248-A01,SICUNA,INTERMEDIO,00-0A-19-CA-02-21
APURIMAC,AP-0249,AP-0249-A01,SILCO,TERMINAL,00-0A-19-C9-F4-98
APURIMAC,AP-0250,AP-0250-A01,SOCCO,TERMINAL,00-0A-19-C9-BB-40
APURIMAC,AP-0251,AP-0251-A01,SOC헤CANCHA,TERMINAL,00-0A-19-C9-F3-FD
APURIMAC,AP-0252,AP-0252-A01,SOCOSPATA,TERMINAL,00-0A-19-CA-44-FB
APURIMAC,AP-0253,AP-0253-A01,SORAYA,DISTRITAL,00-0A-19-C8-86-DB
APURIMAC,AP-0254,AP-0254-A01,SUCARAYLLA,TERMINAL,00-0A-19-C9-AE-9B
APURIMAC,AP-0256,AP-0256-A01,TACMARA (@HUANIPACA),TERMINAL,00-0A-19-CA-72-BC
APURIMAC,AP-0257,AP-0257-A01,TACMARA (@PACOBAMBA),INTERMEDIO,00-0A-19-CA-77-F4
APURIMAC,AP-0259,AP-0259-A01,TAMBO,INTERMEDIO,00-0A-19-CA-01-23
APURIMAC,AP-0261,AP-0261-A01,TAMBURCO,DISTRITAL,00-0A-19-C9-AC-74
APURIMAC,AP-0262,AP-0262-A01,TANTA,TERMINAL,00-0A-19-CA-01-58
APURIMAC,AP-0263,AP-0263-A01,TAPAIRIHUA,DISTRITAL,00-0A-19-C9-A5-B0
APURIMAC,AP-0264,AP-0264-A01,TAPAYA,TERMINAL,00-0A-19-C9-F4-57
APURIMAC,AP-0265,AP-0265-A01,TAQUEBAMBA,TERMINAL,00-0A-19-C9-AD-46
APURIMAC,AP-0266,AP-0266-A01,TARAMBA,INTERMEDIO,00-0A-19-CA-44-93
APURIMAC,AP-0267,AP-0267-A01,TAYPICHA,TERMINAL,00-0A-19-CA-44-7C
APURIMAC,AP-0268,AP-0268-A01,TEJAHUASI,TERMINAL,00-0A-19-C9-BB-43
APURIMAC,AP-0269,AP-0269-A01,TIAPARO,TERMINAL,00-0A-19-C9-A7-67
APURIMAC,AP-0270,AP-0270-A01,TINTAY,DISTRITAL,00-0A-19-C8-86-8C
APURIMAC,AP-0271,AP-0271-A01,TOCSO SAURI,TERMINAL,00-0A-19-CA-04-D4
APURIMAC,AP-0272,AP-0272-A01,TORACCA,TERMINAL,00-0A-19-CA-49-CC
APURIMAC,AP-0273,AP-0273-A01,TORAYA,DISTRITAL,00-0A-19-C8-87-4B
APURIMAC,AP-0275,AP-0275-A01,TOTORAY,TERMINAL,00-0A-19-C8-F4-C3
APURIMAC,AP-0278,AP-0278-A01,TURPAY,DISTRITAL,00-0A-19-C9-A6-0A
APURIMAC,AP-0279,AP-0279-A01,TURPO,DISTRITAL,00-0A-19-C9-AF-F0
APURIMAC,AP-0280,AP-0280-A01,TURURO,TERMINAL,00-0A-19-CA-49-BE
APURIMAC,AP-0281,AP-0281-A01,UMACA,TERMINAL,00-0A-19-CA-49-FA
APURIMAC,AP-0282,AP-0282-A01,UMAMARCA,DISTRITAL,00-0A-19-CA-44-B8
APURIMAC,AP-0283,AP-0283-A01,UNION LOS ANGELES DE CALLAPAYOCC,TERMINAL,00-0A-19-C9-AE-48
APURIMAC,AP-0284,AP-0284-A01,URANMARCA,DISTRITAL,00-0A-19-CA-4C-82
APURIMAC,AP-0285,AP-0285-A01,URIPA,DISTRITAL,00-0A-19-CA-01-AA
APURIMAC,AP-0288,AP-0288-A01,VILCABAMBA,DISTRITAL,00-0A-19-C8-87-9B
APURIMAC,AP-0289,AP-0289-A01,VILCARO,TERMINAL,00-0A-19-C9-F4-4E
APURIMAC,AP-0291,AP-0291-A01,VISTA ALEGRE,TERMINAL,00-0A-19-C9-F4-D6
APURIMAC,AP-0292,AP-0292-A01,YANACA,DISTRITAL,00-0A-19-C9-AD-95
APURIMAC,AP-0293,AP-0293-A01,REP-101,AISLADO,00-0A-19-C6-94-ED
APURIMAC,AP-0295,AP-0295-A01,REP-106,AISLADO,00-0A-19-CB-2B-A4
APURIMAC,AP-0296,AP-0296-A01,REP-102,AISLADO,00-0A-19-CA-4C-F5
APURIMAC,AP-0298,AP-0298-A01,REP-107,AISLADO,00-0A-19-D9-6C-1F
APURIMAC,AP-0301,AP-0301-A01,REP-112,AISLADO,00-0A-19-D9-59-32
APURIMAC,AP-0304,AP-0304-A01,REP-116,AISLADO,00-0A-19-CA-78-BF
APURIMAC,AP-0305,AP-0305-A01,REP-118,AISLADO,00-0A-19-CA-4A-2D
APURIMAC,AP-0306,AP-0306-A01,REP-119A,AISLADO,00-0A-19-C9-AE-F1
APURIMAC,AP-0307,AP-0307-A01,REP-122,AISLADO,00-0A-19-CC-B3-89
APURIMAC,AP-0309,AP-0309-A01,REP-124,AISLADO,00-0A-19-CA-4B-54
APURIMAC,AP-0312,AP-0312-A01,REP-128,AISLADO,00-0A-19-C9-AE-4F
APURIMAC,AP-0314,AP-0314-A01,REP-131,AISLADO,00-0A-19-CA-77-A7
APURIMAC,AP-0315,AP-0315-A01,REP-132,AISLADO,00-0A-19-C8-87-10
APURIMAC,AP-0320,AP-0320-A01,MINASCUCHO,TERMINAL,00-0A-19-CA-43-1F
APURIMAC,AP-0321,AP-0321-A01,SACHAPUNA ALTA,TERMINAL,00-0A-19-CA-4B-57
APURIMAC,AP-0322,AP-0322-A01,CCARAHUATANI,TERMINAL,00-0A-19-CA-01-08
APURIMAC,AP-0323,AP-0323-A01,MOTOY,TERMINAL,00-0A-19-C9-AD-36
APURIMAC,AP-0325,AP-0325-A01,CACHIYAURECC,TERMINAL,00-0A-19-CA-4A-07
APURIMAC,AP-0326,AP-0326-A01,MOCABAMBA,TERMINAL,00-0A-19-CA-49-F4
APURIMAC,AP-0327,AP-0327-A01,PORVENIR,TERMINAL,00-0A-19-CA-3E-1A
APURIMAC,AP-0328,AP-0328-A01,AHUAYRO,TERMINAL,00-0A-19-CA-42-B4
APURIMAC,AP-0329,AP-0329-A01,CALCAUSO,TERMINAL,00-0A-19-D9-59-B3
APURIMAC,AP-0330,AP-0330-A01,REP-119B,AISLADO,00-0A-19-CA-4D-05
AYACUCHO,-,,DC ACCESO,DATA CENTER,00-0A-19-C7-55-50
AYACUCHO,AY-0001,AY-0001-A01,ACCO (@ACOCRO),TERMINAL,00-0A-19-C9-AE-E2
AYACUCHO,AY-0002,AY-0002-A01,ACCO (@TAMBO),TERMINAL,00-0A-19-CA-4C-90
AYACUCHO,AY-0003,AY-0003-A01,ACCO CAPILLAPATA,TERMINAL,00-0A-19-C9-AF-40
AYACUCHO,AY-0005,AY-0005-A01,ACOCRO,DISTRITAL,00-0A-19-C9-A6-1B
AYACUCHO,AY-0006,AY-0006-A01,ACOS,TERMINAL,00-0A-19-C9-BC-0D
AYACUCHO,AY-0009,AY-0009-A01,ALLCUHUILLCA,INTERMEDIO,00-0A-19-C9-AD-43
AYACUCHO,AY-0010,AY-0010-A01,ACCOMARCA,DISTRITAL,00-0A-19-C9-BB-4E
AYACUCHO,AY-0011,AY-0011-A01,ACOS VINCHOS,DISTRITAL,00-0A-19-C9-AD-37
AYACUCHO,AY-0012,AY-0012-A01,ANDAMARCA,DISTRITAL,00-0A-19-C9-AC-F8
AYACUCHO,AY-0013,AY-0013-A01,ANISO,DISTRITAL,00-0A-19-C9-AE-B3
AYACUCHO,AY-0014,AY-0014-A01,ANYAY,TERMINAL,00-0A-19-CA-44-86
AYACUCHO,AY-0015,AY-0015-A01,APONGO,DISTRITAL,00-0A-19-CA-78-0D
AYACUCHO,AY-0016,AY-0016-A01,ARANHUAY,TERMINAL,00-0A-19-C9-F4-EB
AYACUCHO,AY-0017,AY-0017-A01,ARIZONA,TERMINAL,00-0A-19-C9-A5-CE
AYACUCHO,AY-0018,AY-0018-A01,HUINCHOPATA,INTERMEDIO,00-0A-19-C9-AC-D9
AYACUCHO,AY-0019,AY-0019-A01,ASNACPAMPA,TERMINAL,00-0A-19-D9-59-AE
AYACUCHO,AY-0020,AY-0020-A01,ASQUIPATA,DISTRITAL,00-0A-19-CA-3E-2D
AYACUCHO,AY-0021,AY-0021-A01,SUSO,TERMINAL,00-0A-19-C9-F4-50
AYACUCHO,AY-0022,AY-0022-A01,ATIHUARA,TERMINAL,00-0A-19-C9-A5-F0
AYACUCHO,AY-0023,AY-0023-A01,AUCARA,DISTRITAL,00-0A-19-CA-3D-A0
AYACUCHO,AY-0024,AY-0024-A01,ALCAMENCA,DISTRITAL,00-0A-19-C9-AC-C3
AYACUCHO,AY-0025,AY-0025-A01,AURORA,TERMINAL,00-0A-19-CA-78-39
AYACUCHO,AY-0026,AY-0026-A01,AUTAMA,TERMINAL,00-0A-19-C9-F4-1A
AYACUCHO,AY-0028,AY-0028-A01,AYAHUANCO,TERMINAL,00-0A-19-C9-BB-5B
AYACUCHO,AY-0029,AY-0029-A01,AYCARA,INTERMEDIO,00-0A-19-C9-AE-1A
AYACUCHO,AY-0030,AY-0030-A01,AZANGARO,TERMINAL,00-0A-19-CA-02-56
AYACUCHO,AY-0031,AY-0031-A01,CANCALLA,TERMINAL,00-0A-19-CA-01-C3
AYACUCHO,AY-0032,AY-0032-A01,BELEN,DISTRITAL,00-0A-19-CA-4A-1D
AYACUCHO,AY-0033,AY-0033-A01,BELLAVISTA,TERMINAL,00-0A-19-CA-01-52
AYACUCHO,AY-0034,AY-0034-A01,HUAHUAPUQUIO,TERMINAL,00-0A-19-CA-77-E7
AYACUCHO,AY-0035,AY-0035-A01,CABANA,DISTRITAL,00-0A-19-C9-A6-96
AYACUCHO,AY-0036,AY-0036-A01,CANAL,INTERMEDIO,00-0A-19-CA-4A-36
AYACUCHO,AY-0037,AY-0037-A01,CANARIA,DISTRITAL,00-0A-19-CA-77-70
AYACUCHO,AY-0038,AY-0038-A01,CANAYRE,DISTRITAL,00-0A-19-CA-77-5E
AYACUCHO,AY-0039,AY-0039-A01,HUAMBO,TERMINAL,00-0A-19-C9-F4-11
AYACUCHO,AY-0042,AY-0042-A01,CANGARI,TERMINAL,00-0A-19-CA-01-C7
AYACUCHO,AY-0043,AY-0043-A01,CARAMPA,INTERMEDIO,00-0A-19-C9-F4-23
AYACUCHO,AY-0044,AY-0044-A01,CARAPO,DISTRITAL,00-0A-19-CA-3E-06
AYACUCHO,AY-0045,AY-0045-A01,INCARACCAY,TERMINAL,00-0A-19-CA-4B-68
AYACUCHO,AY-0046,AY-0046-A01,PAMPA CRUZ,TERMINAL,00-0A-19-CA-78-92
AYACUCHO,AY-0047,AY-0047-A01,CARHUANILLA,TERMINAL,00-0A-19-CA-04-AA
AYACUCHO,AY-0048,AY-0048-A01,CARHUASCHOQUE,INTERMEDIO,00-0A-19-C9-F4-7D
AYACUCHO,AY-0050,AY-0050-A01,CARMEN PAMPA,TERMINAL,OFFLINE
AYACUCHO,AY-0051,AY-0051-A01,CATALINAYOCC,TERMINAL,00-0A-19-C9-F4-97
AYACUCHO,AY-0052,AY-0052-A01,PUTICA,TERMINAL,00-0A-19-C9-F4-22
AYACUCHO,AY-0053,AY-0053-A01,CCACCAS,TERMINAL,00-0A-19-CA-02-96
AYACUCHO,AY-0054,AY-0054-A01,CCASACCAHUA,TERMINAL,00-0A-19-C9-AF-36
AYACUCHO,AY-0056,AY-0056-A01,TUCSEN,INTERMEDIO,00-0A-19-CA-02-43
AYACUCHO,AY-0057,AY-0057-A01,CCOCHCCA,INTERMEDIO,00-0A-19-CA-4B-97
AYACUCHO,AY-0059,AY-0059-A01,CCOLLCCA,TERMINAL,00-0A-19-C9-AF-3E
AYACUCHO,AY-0060,AY-0060-A01,CCO헤NI,TERMINAL,00-0A-19-CA-02-DB
AYACUCHO,AY-0061,AY-0061-A01,AMARGURA,TERMINAL,00-0A-19-C9-F4-27
AYACUCHO,AY-0062,AY-0062-A01,CHACOLLA,TERMINAL,00-0A-19-CA-4A-03
AYACUCHO,AY-0063,AY-0063-A01,ANCHIHUAY,DISTRITAL,00-0A-19-C8-87-3A
AYACUCHO,AY-0064,AY-0064-A01,CHALLHUAMAYO,TERMINAL,00-0A-19-CA-3E-D4
AYACUCHO,AY-0066,AY-0066-A01,CHANCHAYLLO,TERMINAL,00-0A-19-CC-B3-AE
AYACUCHO,AY-0067,AY-0067-A01,CHAUPIMAYO,TERMINAL,OFFLINE
AYACUCHO,AY-0068,AY-0068-A01,CHAVI헤,DISTRITAL,00-0A-19-C9-AC-E8
AYACUCHO,AY-0069,AY-0069-A01,ARWIMAYO (ARHUIMAYO),TERMINAL,00-0A-19-CA-44-B2
AYACUCHO,AY-0071,AY-0071-A01,CHICHUCANCHA,TERMINAL,00-0A-19-C9-AC-C8
AYACUCHO,AY-0072,AY-0072-A01,CHIHUIRE,TERMINAL,00-0A-19-C9-AD-02
AYACUCHO,AY-0073,AY-0073-A01,CHILCAS,DISTRITAL,00-0A-19-CA-3D-A2
AYACUCHO,AY-0074,AY-0074-A01,CHILCAYOC,DISTRITAL,00-0A-19-CE-4F-BA
AYACUCHO,AY-0075,AY-0075-A01,CHILQUES,TERMINAL,00-0A-19-CA-01-64
AYACUCHO,AY-0076,AY-0076-A01,CHIPAO,DISTRITAL,00-0A-19-C9-AD-E9
AYACUCHO,AY-0077,AY-0077-A01,BUENA GANA,TERMINAL,00-0A-19-CA-4A-15
AYACUCHO,AY-0078,AY-0078-A01,CHIRIBAMBA,TERMINAL,00-0A-19-CA-01-B3
AYACUCHO,AY-0079,AY-0079-A01,CHONTA,TERMINAL,00-0A-19-CA-01-53
AYACUCHO,AY-0080,AY-0080-A01,ISOCCASA,TERMINAL,00-0A-19-C9-BB-64
AYACUCHO,AY-0081,AY-0081-A01,CHUMPI,DISTRITAL,00-0A-19-CA-3D-9B
AYACUCHO,AY-0082,AY-0082-A01,CHUNGUI,DISTRITAL,00-0A-19-CA-44-96
AYACUCHO,AY-0083,AY-0083-A01,MIRAFLORES,TERMINAL,00-0A-19-CA-01-16
AYACUCHO,AY-0084,AY-0084-A01,MONTERRICO,TERMINAL,00-0A-19-CA-4A-3A
AYACUCHO,AY-0085,AY-0085-A01,PAQUICHARI,INTERMEDIO,00-0A-19-CA-40-D6
AYACUCHO,AY-0086,AY-0086-A01,PATERINE,TERMINAL,00-0A-19-CA-04-CB
AYACUCHO,AY-0087,AY-0087-A01,CIRCAMARCA,TERMINAL,00-0A-19-CA-02-8E
AYACUCHO,AY-0088,AY-0088-A01,QUILLABAMBA,TERMINAL,00-0A-19-CA-4A-49
AYACUCHO,AY-0089,AY-0089-A01,SAN AGUSTIN (@SAMUGARI),TERMINAL,00-0A-19-CA-44-97
AYACUCHO,AY-0090,AY-0090-A01,COLPAPAMPA,TERMINAL,00-0A-19-C9-AD-52
AYACUCHO,AY-0091,AY-0091-A01,COLTA,DISTRITAL,00-0A-19-C9-AF-3F
AYACUCHO,AY-0094,AY-0094-A01,COMUNPIARI,TERMINAL,00-0A-19-CA-3D-91
AYACUCHO,AY-0095,AY-0095-A01,CONCEPCION,DISTRITAL,00-0A-19-CA-78-13
AYACUCHO,AY-0096,AY-0096-A01,CONDORAY,INTERMEDIO,00-0A-19-C9-BB-51
AYACUCHO,AY-0097,AY-0097-A01,CONTAY,INTERMEDIO,00-0A-19-CA-4B-92
AYACUCHO,AY-0099,AY-0099-A01,CORAZON DE 헤UPAS,INTERMEDIO,00-0A-19-C9-AF-33
AYACUCHO,AY-0100,AY-0100-A01,UNION VISTA ALEGRE,INTERMEDIO,00-0A-19-CA-49-C7
AYACUCHO,AY-0101,AY-0101-A01,CORCULLA,DISTRITAL,00-0A-19-C9-A5-A3
AYACUCHO,AY-0102,AY-0102-A01,CUCHOQUESERA,TERMINAL,00-0A-19-CA-78-1D
AYACUCHO,AY-0103,AY-0103-A01,CUSIBAMBA,TERMINAL,00-0A-19-D9-5D-34
AYACUCHO,AY-0104,AY-0104-A01,ESCCANA,TERMINAL,00-0A-19-CA-44-7B
AYACUCHO,AY-0105,AY-0105-A01,ESPITE,TERMINAL,00-0A-19-CA-02-93
AYACUCHO,AY-0106,AY-0106-A01,VILLA UNION,TERMINAL,00-0A-19-CA-4B-88
AYACUCHO,AY-0107,AY-0107-A01,GLORIA PATA,INTERMEDIO,00-0A-19-CA-4A-1B
AYACUCHO,AY-0108,AY-0108-A01,GUAYACONDO,TERMINAL,00-0A-19-C9-AD-48
AYACUCHO,AY-0109,AY-0109-A01,HUACA헤,DISTRITAL,00-0A-19-C9-AB-65
AYACUCHO,AY-0110,AY-0110-A01,HUACCA헤,INTERMEDIO,00-0A-19-CA-78-C3
AYACUCHO,AY-0111,AY-0111-A01,CAYARA,DISTRITAL,00-0A-19-C8-87-E8
AYACUCHO,AY-0112,AY-0112-A01,CHALCOS,DISTRITAL,00-0A-19-C9-AE-6E
AYACUCHO,AY-0113,AY-0113-A01,CHIARA,DISTRITAL,00-0A-19-C9-AD-F7
AYACUCHO,AY-0114,AY-0114-A01,CHIQUINTIRCA,DISTRITAL,00-0A-19-C9-A6-06
AYACUCHO,AY-0115,AY-0115-A01,AUQUILLA,TERMINAL,00-0A-19-C9-AD-01
AYACUCHO,AY-0116,AY-0116-A01,CANCHA CANCHA,TERMINAL,00-0A-19-C9-BB-71
AYACUCHO,AY-0117,AY-0117-A01,CHUQUI HUARCAYA,INTERMEDIO,00-0A-19-CA-02-4C
AYACUCHO,AY-0120,AY-0120-A01,HUANCARAYLLA,DISTRITAL,00-0A-19-C9-A5-9B
AYACUCHO,AY-0121,AY-0121-A01,CHUSCHI,DISTRITAL,00-0A-19-C9-BB-4D
AYACUCHO,AY-0122,AY-0122-A01,HUANCAYOCC,TERMINAL,00-0A-19-CA-44-9F
AYACUCHO,AY-0125,AY-0125-A01,HUARCAS (SAN GABRIEL DE HUARCAS),INTERMEDIO,00-0A-19-CA-04-54
AYACUCHO,AY-0126,AY-0126-A01,HUAYAO,TERMINAL,00-0A-19-C9-F5-20
AYACUCHO,AY-0127,AY-0127-A01,HUAYCHAO,TERMINAL,00-0A-19-CA-4B-6E
AYACUCHO,AY-0128,AY-0128-A01,HUAYHUAS,TERMINAL,00-0A-19-CA-02-4B
AYACUCHO,AY-0129,AY-0129-A01,HUAYLLABAMBA,TERMINAL,00-0A-19-C9-AD-32
AYACUCHO,AY-0130,AY-0130-A01,HUAYLLANI,TERMINAL,00-0A-19-CA-F4-15
AYACUCHO,AY-0131,AY-0131-A01,HUAYLLAPAMPA,TERMINAL,00-0A-19-CA-04-5D
AYACUCHO,AY-0133,AY-0133-A01,ICHUPATA,TERMINAL,00-0A-19-CA-3E-59
AYACUCHO,AY-0134,AY-0134-A01,SAN JUAN DE UCHUYRI,TERMINAL,00-0A-19-C9-AD-03
AYACUCHO,AY-0135,AY-0135-A01,INCUYO,DISTRITAL,00-0A-19-C9-A5-6D
AYACUCHO,AY-0136,AY-0136-A01,INGAHUASI,INTERMEDIO,00-0A-19-C9-AC-DE
AYACUCHO,AY-0139,AY-0139-A01,ISHUA,TERMINAL,00-0A-19-C9-AC-37
AYACUCHO,AY-0140,AY-0140-A01,COLCA,DISTRITAL,00-0A-19-C9-AC-EB
AYACUCHO,AY-0141,AY-0141-A01,QUILLA,TERMINAL,00-0A-19-CA-03-EB
AYACUCHO,AY-0142,AY-0142-A01,LA MERCED LOYANTA,TERMINAL,00-0A-19-C9-F3-FE
AYACUCHO,AY-0143,AY-0143-A01,LAMPA,DISTRITAL,00-0A-19-C9-AE-E6
AYACUCHO,AY-0144,AY-0144-A01,LARAMATE (@LARAMATE),DISTRITAL,00-0A-19-CA-78-50
AYACUCHO,AY-0145,AY-0145-A01,LARAMATE (@SANTIAGO DE PISCHA),TERMINAL,00-0A-19-CA-78-E0
AYACUCHO,AY-0147,AY-0147-A01,LLACHOCCMAYO,INTERMEDIO,00-0A-19-D9-5C-70
AYACUCHO,AY-0148,AY-0148-A01,LLAMAHUILLCA,TERMINAL,00-0A-19-CA-4B-4F
AYACUCHO,AY-0149,AY-0149-A01,LLAUSA,INTERMEDIO,00-0A-19-CA-01-34
AYACUCHO,AY-0150,AY-0150-A01,UMARO SAN ANTONIO,TERMINAL,00-0A-19-C9-F4-D0
AYACUCHO,AY-0151,AY-0151-A01,HUAC-HUAS,DISTRITAL,00-0A-19-C9-AE-A5
AYACUCHO,AY-0152,AY-0152-A01,HUAMANGUILLA,DISTRITAL,00-0A-19-CA-77-87
AYACUCHO,AY-0153,AY-0153-A01,LLUMCHICANCHA CHANQUIL,TERMINAL,00-0A-19-C9-A6-07
AYACUCHO,AY-0154,AY-0154-A01,LLUSITA,TERMINAL,00-0A-19-CA-44-A3
AYACUCHO,AY-0155,AY-0155-A01,LUCANAS,DISTRITAL,00-0A-19-C9-AC-7B
AYACUCHO,AY-0156,AY-0156-A01,LURICOCHA,DISTRITAL,00-0A-19-C9-BB-50
AYACUCHO,AY-0157,AY-0157-A01,MACACHACRA,DISTRITAL,00-0A-19-CA-3D-B5
AYACUCHO,AY-0158,AY-0158-A01,MAGNUPAMPA,TERMINAL,00-0A-19-C9-F3-C8
AYACUCHO,AY-0159,AY-0159-A01,MAHUAYURA,TERMINAL,[00-0A-19-CA-03-E8]
AYACUCHO,AY-0160,AY-0160-A01,MANALLASACC,TERMINAL,00-0A-19-C9-AC-63
AYACUCHO,AY-0162,AY-0162-A01,MARCABAMBA,DISTRITAL,00-0A-19-C9-A8-42
AYACUCHO,AY-0163,AY-0163-A01,MARCCARACCAY,TERMINAL,[00-0A-19-CA-78-25]
AYACUCHO,AY-0164,AY-0164-A01,HUAMANQUIQUIA,DISTRITAL,00-0A-19-C9-F4-54
AYACUCHO,AY-0167,AY-0167-A01,MAUCALLACTA,INTERMEDIO,00-0A-19-CA-03-D4
AYACUCHO,AY-0168,AY-0168-A01,HUAMBALPA,DISTRITAL,00-0A-19-C8-87-32
AYACUCHO,AY-0169,AY-0169-A01,MAYHUAVILCA,INTERMEDIO,00-0A-19-CA-4A-62
AYACUCHO,AY-0170,AY-0170-A01,MAYNAY,TERMINAL,[00-0A-19-CA-01-FF]
AYACUCHO,AY-0171,AY-0171-A01,CARHUACUCHO,INTERMEDIO,00-0A-19-C9-AC-85
AYACUCHO,AY-0172,AY-0172-A01,MIRMACA NUEVO (HDA. PORVENIR),TERMINAL,00-0A-19-C9-AE-30
AYACUCHO,AY-0173,AY-0173-A01,MISQUIBAMBA,TERMINAL,[00-0A-19-CA-02-78]
AYACUCHO,AY-0175,AY-0175-A01,LLAUTA,DISTRITAL,00-0A-19-C9-BB-30
AYACUCHO,AY-0176,AY-0176-A01,MORCOLLA,DISTRITAL,00-0A-19-CA-4A-18
AYACUCHO,AY-0177,AY-0177-A01,MORCOLLA CHICO (MAROCOLLA),INTERMEDIO,00-0A-19-CA-04-6C
AYACUCHO,AY-0178,AY-0178-A01,MOYA,TERMINAL,00-0A-19-CA-4A-23
AYACUCHO,AY-0179,AY-0179-A01,MAYOBAMBA,TERMINAL,00-0A-19-CA-78-71
AYACUCHO,AY-0180,AY-0180-A01,MUCHAPAMPA,INTERMEDIO,00-0A-19-C9-AE-EC
AYACUCHO,AY-0181,AY-0181-A01,MURUNCANCHA,TERMINAL,00-0A-19-C9-AD-10
AYACUCHO,AY-0182,AY-0182-A01,MUYURINA,TERMINAL,00-0A-19-CA-3D-8F
AYACUCHO,AY-0183,AY-0183-A01,NINABAMBA,TERMINAL,[00-0A-19-C9-AF-39]
AYACUCHO,AY-0184,AY-0184-A01,PUCARA,TERMINAL,00-0A-19-C9-A7-EF
AYACUCHO,AY-0185,AY-0185-A01,NI헲 YUCAY,TERMINAL,[00-0A-19-CA-77-E6]
AYACUCHO,AY-0186,AY-0186-A01,NUEVA JERUSALEN,TERMINAL,OFFLINE
AYACUCHO,AY-0187,AY-0187-A01,CORAZON PATA,INTERMEDIO,[00-0A-19-CA-78-B7]
AYACUCHO,AY-0188,AY-0188-A01,OCA헤,DISTRITAL,00-0A-19-C8-86-E4
AYACUCHO,AY-0189,AY-0189-A01,GLORIA AMARGURA,TERMINAL,00-0A-19-CA-77-72
AYACUCHO,AY-0190,AY-0190-A01,OSNO ALTA,TERMINAL,[00-0A-19-CA-44-C1]
AYACUCHO,AY-0191,AY-0191-A01,LLOCHEGUA,DISTRITAL,00-0A-19-C8-86-6A
AYACUCHO,AY-0192,AY-0192-A01,OYOLO,DISTRITAL,00-0A-19-C9-AD-BD
AYACUCHO,AY-0193,AY-0193-A01,PACAPAUSA,DISTRITAL,00-0A-19-C9-AC-7D
AYACUCHO,AY-0195,AY-0195-A01,PACCHA,TERMINAL,00-0A-19-C9-F4-69
AYACUCHO,AY-0196,AY-0196-A01,PAICO,DISTRITAL,00-0A-19-C9-A7-CD
AYACUCHO,AY-0197,AY-0197-A01,PALLCCA,TERMINAL,[00-0A-19-CA-04-5A]
AYACUCHO,AY-0198,AY-0198-A01,PALLCCACANCHA,INTERMEDIO,00-0A-19-C9-F4-64
AYACUCHO,AY-0199,AY-0199-A01,PALMAPAMPA,DISTRITAL,00-0A-19-CA-49-B8
AYACUCHO,AY-0201,AY-0201-A01,PERIAVENTE ALTA,TERMINAL,00-0A-19-CA-49-F0
AYACUCHO,AY-0202,AY-0202-A01,PUERTO AMARGURA,TERMINAL,00-0A-19-C9-AD-80
AYACUCHO,AY-0203,AY-0203-A01,PAMPA MIRAFLORES,TERMINAL,[00-0A-19-C9-F5-23]
AYACUCHO,AY-0204,AY-0204-A01,PAMPAMARCA BAJA,INTERMEDIO,00-0A-19-CA-04-42
AYACUCHO,AY-0206,AY-0206-A01,PAMPAS,DISTRITAL,00-0A-19-C9-F5-02
AYACUCHO,AY-0207,AY-0207-A01,PAQUECC,INTERMEDIO,00-0A-19-CA-01-2E
AYACUCHO,AY-0208,AY-0208-A01,NUEVO PACCHA HUALLHUA,DISTRITAL,00-0A-19-C9-AC-C2
AYACUCHO,AY-0209,AY-0209-A01,PARARCA,DISTRITAL,00-0A-19-C9-BB-76
AYACUCHO,AY-0210,AY-0210-A01,PARAS,DISTRITAL,00-0A-19-C9-AC-C1
AYACUCHO,AY-0211,AY-0211-A01,PATACHANA,TERMINAL,00-0A-19-C9-AE-DD
AYACUCHO,AY-0212,AY-0212-A01,PATAHUASI,INTERMEDIO,00-0A-19-C9-A7-39
AYACUCHO,AY-0213,AY-0213-A01,CCERAOCRO,TERMINAL,00-0A-19-C9-AE-75
AYACUCHO,AY-0215,AY-0215-A01,CHUMBES,TERMINAL,[00-0A-19-C9-F4-09]
AYACUCHO,AY-0216,AY-0216-A01,PICHIWILCA,TERMINAL,00-0A-19-CA-44-9B
AYACUCHO,AY-0217,AY-0217-A01,PINAHUA,TERMINAL,00-0A-19-CA-01-BA
AYACUCHO,AY-0218,AY-0218-A01,PIRIATO,TERMINAL,00-0A-19-CA-4A-17
AYACUCHO,AY-0219,AY-0219-A01,POMABAMBA,DISTRITAL,00-0A-19-C9-BB-3E
AYACUCHO,AY-0220,AY-0220-A01,POMACOCHA,INTERMEDIO,00-0A-19-CA-02-9B
AYACUCHO,AY-0221,AY-0221-A01,POMAPUQUIO,TERMINAL,[00-0A-19-CA-01-5C]
AYACUCHO,AY-0222,AY-0222-A01,POMATAMBO,INTERMEDIO,00-0A-19-CA-01-98
AYACUCHO,AY-0223,AY-0223-A01,PONGOCOCHA,TERMINAL,00-0A-19-C9-F4-19
AYACUCHO,AY-0224,AY-0224-A01,PORTA CRUZ,INTERMEDIO,[00-0A-19-C9-AE-28]
AYACUCHO,AY-0225,AY-0225-A01,MAYABAMBA,TERMINAL,[00-0A-19-D9-59-C0]
AYACUCHO,AY-0226,AY-0226-A01,NI헲 JESUS DE PAJONAL,TERMINAL,00-0A-19-CA-01-98
AYACUCHO,AY-0227,AY-0227-A01,PULLO,DISTRITAL,00-0A-19-C9-AE-BA
AYACUCHO,AY-0231,AY-0231-A01,PUTACCA,INTERMEDIO,00-0A-19-CA-02-8B
AYACUCHO,AY-0232,AY-0232-A01,OCROS,DISTRITAL,00-0A-19-C9-AE-63
AYACUCHO,AY-0234,AY-0234-A01,QARIN,INTERMEDIO,[00-0A-19-CA-78-10]
AYACUCHO,AY-0235,AY-0235-A01,QASANQAY,TERMINAL,00-0A-19-C9-AD-55
AYACUCHO,AY-0236,AY-0236-A01,QOLLPACUCHO,INTERMEDIO,00-0A-19-C9-AE-0E
AYACUCHO,AY-0237,AY-0237-A01,QOTOPUQUIO,TERMINAL,00-0A-19-CA-4B-8D
AYACUCHO,AY-0239,AY-0239-A01,QUILCATA,DISTRITAL,00-0A-19-CB-2C-42
AYACUCHO,AY-0242,AY-0242-A01,QUINRAPA,TERMINAL,[00-0A-19-CA-4A-A6]
AYACUCHO,AY-0244,AY-0244-A01,QUISHUARCANCHA,TERMINAL,00-0A-19-C9-AR-15
AYACUCHO,AY-0245,AY-0245-A01,SANTA ROSA DE QOCHAMARCA,TERMINAL,[00-0A-19-C9-F5-2E]
AYACUCHO,AY-0246,AY-0246-A01,QUITURARA,TERMINAL,00-0A-19-C9-F5-15
AYACUCHO,AY-0247,AY-0247-A01,OTOCA,DISTRITAL,00-0A-19-C9-BB-60
AYACUCHO,AY-0249,AY-0249-A01,RINCONADA BAJA,TERMINAL,[00-0A-19-CA-02-67]
AYACUCHO,AY-0250,AY-0250-A01,ROSARIO,INTERMEDIO,00-0A-19-C9-AE-44
AYACUCHO,AY-0251,AY-0251-A01,RUMI RUMI,INTERMEDIO,00-0A-19-C9-BB-3F
AYACUCHO,AY-0252,AY-0252-A01,SACHABAMBA,TERMINAL,00-0A-19-CA-02-36
AYACUCHO,AY-0253,AY-0253-A01,SACHARACCAY,INTERMEDIO,[00-0A-19-CA-4B-8F]
AYACUCHO,AY-0254,AY-0254-A01,SACSAMARCA,DISTRITAL,00-0A-19-C8-87-46
AYACUCHO,AY-0255,AY-0255-A01,SACSARA,INTERMEDIO,00-0A-19-CA-04-13
AYACUCHO,AY-0256,AY-0256-A01,URUIZA,TERMINAL,[00-0A-19-D9-6B-C5]
AYACUCHO,AY-0258,AY-0258-A01,SALLASALLA,INTERMEDIO,00-0A-19-C9-F3-B8
AYACUCHO,AY-0259,AY-0259-A01,HUALCHANCCA,TERMINAL,00-0A-19-C9-AF-43
AYACUCHO,AY-0262,AY-0262-A01,SAN ANTONIO,INTERMEDIO,00-0A-19-CA-42-6D
AYACUCHO,AY-0263,AY-0263-A01,JUSCAYMARCA,INTERMEDIO,00-0A-19-CA-42-6D
AYACUCHO,AY-0265,AY-0265-A01,SAN ANTONIO DE COCHA,TERMINAL,[00-0A-19-CA-77-EC]
AYACUCHO,AY-0266,AY-0266-A01,SAN ANTONIO DE CULLUCHA,TERMINAL,00-0A-19-CA-4A-28
AYACUCHO,AY-0268,AY-0268-A01,PAMPA CANGALLO,DISTRITAL,00-0A-19-C9-AF-48
AYACUCHO,AY-0269,AY-0269-A01,SAN FRANCISCO,DISTRITAL,00-0A-19-CA-4C-8F
AYACUCHO,AY-0270,AY-0270-A01,SAN FRANCISCO DE CUCHICANCHA,TERMINAL,[00-0A-19-CA-4B-89]
AYACUCHO,AY-0271,AY-0271-A01,SAN FRANCISCO DE PUJAS,INTERMEDIO,[00-0A-19-C9-F4-0D]
AYACUCHO,AY-0273,AY-0273-A01,SAN JAVIER DE ALPABAMBA,DISTRITAL,000A-19-C9-A5-D3
AYACUCHO,AY-0274,AY-0274-A01,SAISA,DISTRITAL,00-0A-19-C9-A7-DA
AYACUCHO,AY-0275,AY-0275-A01,SAN JOSE DE HUARCAYA,TERMINAL,00-0A-19-C9-F4-BA
AYACUCHO,AY-0276,AY-0276-A01,MARCCARE,TERMINAL,[00-0A-19-CA-02-49]
AYACUCHO,AY-0277,AY-0277-A01,SAN JOSE DE PARCCAHUANCA,INTERMEDIO,[00-0A-19-D9-6A-E8]
AYACUCHO,AY-0278,AY-0278-A01,SAN JOSE DE SECCE,DISTRITAL,00-0A-19-CA-4A-64
AYACUCHO,AY-0279,AY-0279-A01,SAN JOSE DE USHUA,DISTRITAL,00-0A-19-C8-87-48
AYACUCHO,AY-0280,AY-0280-A01,SAN JUAN,DISTRITAL,00-0A-19-C9-AF-45
AYACUCHO,AY-0282,AY-0282-A01,SAN JUAN DE CHITO,TERMINAL,[00-0A-19-C9-AE-5E]
AYACUCHO,AY-0283,AY-0283-A01,SAN JUAN DE CULLUHUANCCA,TERMINAL,[00-0A-19-CA-01-3E]
AYACUCHO,AY-0284,AY-0284-A01,SAN JUAN DE MATUCANA,TERMINAL,00-0A-19-CA-5E-9B
AYACUCHO,AY-0285,AY-0285-A01,SAN JUAN DE RAYAN,TERMINAL,[00-0A-19-C9-AF-32]
AYACUCHO,AY-0286,AY-0286-A01,SAN JUAN DE TAMBOBAMBA,TERMINAL,00-0A-19-C9-AD-66
AYACUCHO,AY-0288,AY-0288-A01,SAN PEDRO DE CACHI,DISTRITAL,00-0A-19-C9-AD-47
AYACUCHO,AY-0290,AY-0290-A01,SAN MARTIN DE HERCOMARCA,INTERMEDIO,00-0A-19-C9-BB-74
AYACUCHO,AY-0293,AY-0293-A01,SAN PABLO,INTERMEDIO,00-0A-19-C9-A7-CC
AYACUCHO,AY-0294,AY-0294-A01,SAN PEDRO,DISTRITAL,00-0A-19-C9-A5-77
AYACUCHO,AY-0295,AY-0295-A01,SAN PEDRO DE HUAYA,DISTRITAL,00-0A-19-CA-78-41
AYACUCHO,AY-0296,AY-0296-A01,TIQUIHUA,TERMINAL,[00-0A-19-CA-77-EE]
AYACUCHO,AY-0297,AY-0297-A01,SAN PEDRO DE LARCAY,DISTRITAL,00-0A-19-CA-77-FD
AYACUCHO,AY-0298,AY-0298-A01,SAN PEDRO DE PALCO,DISTRITAL,00-0A-19-C9-AE-26
AYACUCHO,AY-0300,AY-0300-A01,SAN SALVADOR DE QUIJE,DISTRITAL,00-0A-19-C9-AD-87
AYACUCHO,AY-0301,AY-0301-A01,SAN SEBASTIAN DE SACRACA,TERMINAL,00-0A-19-CA-77-EB
AYACUCHO,AY-0302,AY-0302-A01,SANTA LUCIA,DISTRITAL,00-0A-19-CA-49-E3
AYACUCHO,AY-0303,AY-0303-A01,SANCOS,DISTRITAL,00-0A-19-C9-AD-4F
AYACUCHO,AY-0304,AY-0304-A01,SANTA ANA DE HUAYCAHUACHO,DISTRITAL,00-0A-19-CA-3D-DF
AYACUCHO,AY-0305,AY-0305-A01,SARHUA,DISTRITAL,00-0A-19-C8-87-DA
AYACUCHO,AY-0307,AY-0307-A01,SANTA ROSA (@SANTA ROSA),DISTRITAL,00-0A-19-C9-A8-3F
AYACUCHO,AY-0309,AY-0309-A01,SANTA ROSA DE CCOCHA,TERMINAL,00-0A-19-CA-4B-6B
AYACUCHO,AY-0310,AY-0310-A01,SANTA ROSA DE COCHABAMBA,TERMINAL,00-0A-19-CA-4A-59
AYACUCHO,AY-0311,AY-0311-A01,BALSAMUYOCC,TERMINAL,00-0A-19-C9-F5-2D
AYACUCHO,AY-0312,AY-0312-A01,SANTIAGO DE LUCANAMARCA,DISTRITAL,00-0A-19-C9-A7-E4
AYACUCHO,AY-0313,AY-0313-A01,SANTIAGO DE PAUCARAY,DISTRITAL,00-0A-19-CC-B3-A9
AYACUCHO,AY-0314,AY-0314-A01,SANTIAGO DE PISCHA,TERMINAL,[00-0A-19-CA-78-38]
AYACUCHO,AY-0315,AY-0315-A01,SANTIAGO DE VADO,TERMINAL,00-0A-19-C9-AD-07
AYACUCHO,AY-0317,AY-0317-A01,CHUVIVANA,INTERMEDIO,00-0A-19-CA-4A-65
AYACUCHO,AY-0318,AY-0318-A01,COMPA헬A BAJA,TERMINAL,00-0A-19-C9-F4-E3
AYACUCHO,AY-0319,AY-0319-A01,SECCELAMBRAS,TERMINAL,00-0A-19-C9-AE-E3
AYACUCHO,AY-0320,AY-0320-A01,SECCLLAS,TERMINAL,00-0A-19-CA-01-1F
AYACUCHO,AY-0321,AY-0321-A01,SIHUI,TERMINAL,00-0A-19-CA-4C-97
AYACUCHO,AY-0322,AY-0322-A01,SIMARIBA,INTERMEDIO,00-0A-19-CA-44-A8
AYACUCHO,AY-0323,AY-0323-A01,SIMPAPATA,TERMINAL,00-0A-19-CA-44-E3
AYACUCHO,AY-0325,AY-0325-A01,SOCOS,DISTRITAL,00-0A-19-C9-A7-D2
AYACUCHO,AY-0326,AY-0326-A01,SONDONDO,TERMINAL,00-0A-19-CA-02-6F
AYACUCHO,AY-0327,AY-0327-A01,SAN MARTIN,TERMINAL,00-0A-19-C9-F4-49
AYACUCHO,AY-0328,AY-0328-A01,SIVIA,DISTRITAL,00-0A-19-C9-BB-2F
AYACUCHO,AY-0329,AY-0329-A01,TACA,TERMINAL,00-0A-19-CA-01-A2
AYACUCHO,AY-0330,AY-0330-A01,TAMBILLO,DISTRITAL,00-0A-19-C9-AC-FC
AYACUCHO,AY-0331,AY-0331-A01,TAMBO,DISTRITAL,00-0A-19-C8-86-2E
AYACUCHO,AY-0332,AY-0332-A01,TAMBO QUEMADO,DISTRITAL,00-0A-19-C9-BB-4F
AYACUCHO,AY-0333,AY-0333-A01,TAMBOCUCHO,INTERMEDIO,[00-0A-19-C9-AE-2C]
AYACUCHO,AY-0334,AY-0334-A01,TARCO,TERMINAL,00-0A-19-C9-AF-37
AYACUCHO,AY-0335,AY-0335-A01,TICLLAS,DISTRITAL,00-0A-19-CA-77-62
AYACUCHO,AY-0336,AY-0336-A01,TINTAY,TERMINAL,[00-0A-19-C9-AE-21]
AYACUCHO,AY-0337,AY-0337-A01,TINTE,TERMINAL,00-0A-19-CA-01-28
AYACUCHO,AY-0338,AY-0338-A01,SORAS,DISTRITAL,00-0A-19-CA-01-CD
AYACUCHO,AY-0339,AY-0339-A01,TOTOS,DISTRITAL,00-0A-19-C9-AE-B9
AYACUCHO,AY-0340,AY-0340-A01,TRIBOLINE,TERMINAL,00-0A-19-C9-BB-46
AYACUCHO,AY-0341,AY-0341-A01,CHACABAMBA,TERMINAL,00-0A-19-C9-F4-C7
AYACUCHO,AY-0342,AY-0342-A01,TUPAC AMARU DE PATIBAMBA,TERMINAL,[00-0A-19-CA-01-F5]
AYACUCHO,AY-0343,AY-0343-A01,CHUYMAY (PUEBLO NUEVO),TERMINAL,00-0A-19-C9-F4-AB
AYACUCHO,AY-0344,AY-0344-A01,UNION PALAYCCA,TERMINAL,[00-0A-19-C9-F4-71]
AYACUCHO,AY-0345,AY-0345-A01,UNION POTRERO,TERMINAL,[00-0A-19-C9-F3-ED]
AYACUCHO,AY-0346,AY-0346-A01,COCAS,TERMINAL,OFFLINE
AYACUCHO,AY-0347,AY-0347-A01,UPAHUACHO,DISTRITAL,00-0A-19-CA-4B-9E
AYACUCHO,AY-0348,AY-0348-A01,URPAY BAJO,INTERMEDIO,00-0A-19-C9-AE-2F
AYACUCHO,AY-0351,AY-0351-A01,RAMON CASTILLA,INTERMEDIO,00-0A-19-CA-01-4D
AYACUCHO,AY-0353,AY-0353-A01,VILLA FLORIDA,TERMINAL,00-0A-19-CA-4C-A0
AYACUCHO,AY-0354,AY-0354-A01,VILCANCHOS,DISTRITAL,00-0A-19-C9-AD-6B
AYACUCHO,AY-0355,AY-0355-A01,VINCHOS,DISTRITAL,00-0A-19-C8-84-D9
AYACUCHO,AY-0356,AY-0356-A01,VIRACOCHAN,DISTRITAL,00-0A-19-C9-A7-ED
AYACUCHO,AY-0357,AY-0357-A01,VISCHONGO,DISTRITAL,00-0A-19-C9-BB-5F
AYACUCHO,AY-0363,AY-0363-A01,YANAYACU,TERMINAL,00-0A-19-C9-F4-26
AYACUCHO,AY-0364,AY-0364-A01,YURACCHUASI,TERMINAL,[00-0A-19-C9-AE-2B]
AYACUCHO,AY-0367,AY-0367-A01,REP1-105,AISLADO,00-0A-19-C9-AC-DC
AYACUCHO,AY-0368,AY-0368-A01,REP1-109,AISLADO,[00-0A-19-D9-7F-C4]
AYACUCHO,AY-0369,AY-0369-A01,REP1-110,AISLADO,[00-0A-19-CA-03-E2]
AYACUCHO,AY-0371,AY-0371-A01,REP1-114,AISLADO,00-0A-19-C9-AE7D
AYACUCHO,AY-0372,AY-0372-A01,REP1-116,AISLADO,00-0A-19-CA-77-84
AYACUCHO,AY-0373,AY-0373-A01,REP1-120,AISLADO,00-0A-19-CC-B1-15
AYACUCHO,AY-0374,AY-0374-A01,REP1-124,AISLADO,[00-0A-19-D9-6B-49]
AYACUCHO,AY-0375,AY-0375-A01,REP1-128,AISLADO,00-A4-19-CA-78-AC
AYACUCHO,AY-0378,AY-0378-A01,REP1-136,AISLADO,00-0A-19-CA-01-EA]
AYACUCHO,AY-0380,AY-0380-A01,REP1-139,AISLADO,00-0A-19-CA-77-8C
AYACUCHO,AY-0381,AY-0381-A01,REP1-140,AISLADO,00-0A-19-CA-77-CC
AYACUCHO,AY-0382,AY-0382-A01,REP1-141,AISLADO,[00-0A-19-CA-00-FE]
AYACUCHO,AY-0383,AY-0383-A01,REP1-142,AISLADO,00-0A-19-CA-77-8E
AYACUCHO,AY-0384,AY-0384-A01,REP1-144,AISLADO,00-0A-19-CA-77-88
AYACUCHO,AY-0386,AY-0386-A01,REP2-132,AISLADO,[00-0A-19-CA-02-75]
AYACUCHO,AY-0389,AY-0389-A01,REP3-133,AISLADO,00-0A-19-C9-F4-E1
AYACUCHO,AY-0399,AY-0399-A01,CCAYARPACHI-ATACOCHA,TERMINAL,[00-0A-19-CA-01-77]
AYACUCHO,AY-0400,AY-0400-A01,SANTA ROSA DE LA VICTORIA,TERMINAL,00-0A-19-CB-2B-EB
AYACUCHO,AY-0401,AY-0401-A01,OCCOLLO,TERMINAL,[00-0A-19-C9-F4-FF]
AYACUCHO,AY-0402,AY-0402-A01,CHONGOS CARMEN PAMPA,TERMINAL,[00-0A-19-CA-4B-9C]
AYACUCHO,AY-0403,AY-0403-A01,VISTA ALEGRE,TERMINAL,00-0A-19-C9-F3-F4
AYACUCHO,AY-0404,AY-0404-A01,SAN JOSE DE BELLAVISTA,TERMINAL,00-0A-19-CA-01-F9
AYACUCHO,AY-0406,AY-0406-A01,YANAHUANCO BAJO,TERMINAL,00-0A-19-C9-F4-32
AYACUCHO,AY-0407,AY-0407-A01,CCECHCCA,TERMINAL,[00-0A-19-CA-02-17]
AYACUCHO,AY-0408,AY-0408-A01,CHONTACA,TERMINAL,OFFLINE
AYACUCHO,AY-0409,AY-0409-A01,QOCHACC,TERMINAL,00-0A-19-CA-78-59
AYACUCHO,AY-0410,AY-0410-A01,GLORIA SOL NACIENTE,INTERMEDIO,00-0A-19-CA-78-2C
AYACUCHO,AY-0411,AY-0411-A01,VILLA MEJORADA,INTERMEDIO,00-0A-19-CA-77-68
AYACUCHO,AY-0412,AY-0412-A01,YARURI,INTERMEDIO,00-0A-19-CA-77-41
AYACUCHO,AY-0413,AY-0413-A01,CHIHUILLO ALTO SAN ANTONIO,TERMINAL,00-0A-19-CA-49-EF
AYACUCHO,AY-0414,AY-0414-A01,AREQUIPA,INTERMEDIO,00-0A-19-CA-4B-5F
AYACUCHO,AY-0415,AY-0415-A01,CHACARI ANTIGUO,TERMINAL,[00-0A-19-C9-F3-CE]
AYACUCHO,AY-0416,AY-0416-A01,PAMPA CORIS,TERMINAL,00-0A-19-C9-F5-3D
AYACUCHO,AY-0417,AY-0417-A01,VILLA HUAYLONGA,TERMINAL,00-0A-19-CA-02-88
AYACUCHO,AY-0418,AY-0418-A01,GUAYAQUIL,TERMINAL,[00-0A-19-CA-77-A5]
AYACUCHO,AY-0419,AY-0419-A01,LLACTAPATA,INTERMEDIO,00-0A-19-CA-4A-54
AYACUCHO,AY-0420,AY-0420-A01,SAN MIGUEL DE MOTOY,TERMINAL,00-0A-19-CA-03-E1
AYACUCHO,AY-0421,AY-0421-A01,CHACHASPATA,TERMINAL,00-0A-19-C9-F4-2D
AYACUCHO,AY-0422,AY-0422-A01,SATICA,TERMINAL,[00-0A-19-CA-77-A4]
